Date,Close/Last,Volume,Open,High,Low
10/10/2019,1.82,N/A,1.82,1.82,1.82
10/11/2019,1.82,N/A,1.82,1.82,1.82
10/14/2019,1.82,N/A,1.82,1.82,1.82
10/15/2019,1.9,N/A,1.9,1.9,1.9
10/16/2019,1.9,N/A,1.9,1.9,1.9
10/17/2019,1.85,N/A,1.85,1.85,1.85
10/18/2019,1.85,N/A,1.85,1.85,1.85
10/21/2019,1.85,N/A,1.85,1.85,1.85
10/22/2019,1.85,N/A,1.85,1.85,1.85
10/23/2019,1.85,N/A,1.85,1.85,1.85
10/24/2019,1.85,N/A,1.85,1.85,1.85
10/25/2019,1.83,N/A,1.83,1.83,1.83
10/28/2019,1.83,N/A,1.83,1.83,1.83
10/29/2019,1.82,N/A,1.82,1.82,1.82
10/30/2019,1.82,N/A,1.82,1.82,1.82
10/31/2019,1.58,N/A,1.58,1.58,1.58
11/1/2019,1.57,N/A,1.57,1.57,1.57
11/4/2019,1.56,N/A,1.56,1.56,1.56
11/5/2019,1.56,N/A,1.56,1.56,1.56
11/6/2019,1.55,N/A,1.55,1.55,1.55
11/7/2019,1.55,N/A,1.55,1.55,1.55
11/8/2019,1.55,N/A,1.55,1.55,1.55
11/11/2019,1.55,N/A,1.55,1.55,1.55
11/12/2019,1.55,N/A,1.55,1.55,1.55
11/13/2019,1.55,N/A,1.55,1.55,1.55
11/14/2019,1.55,N/A,1.55,1.55,1.55
11/15/2019,1.55,N/A,1.55,1.55,1.55
11/18/2019,1.55,N/A,1.55,1.55,1.55
11/19/2019,1.55,N/A,1.55,1.55,1.55
11/20/2019,1.55,N/A,1.55,1.55,1.55
11/21/2019,1.55,N/A,1.55,1.55,1.55
11/22/2019,1.55,N/A,1.55,1.55,1.55
11/25/2019,1.55,N/A,1.55,1.55,1.55
11/26/2019,1.55,N/A,1.55,1.55,1.55
11/27/2019,1.55,N/A,1.55,1.55,1.55
11/28/2019,1.55,N/A,1.55,1.55,1.55
11/29/2019,1.56,N/A,1.56,1.56,1.56
12/2/2019,1.56,N/A,1.56,1.56,1.56
12/3/2019,1.55,N/A,1.55,1.55,1.55
12/4/2019,1.55,N/A,1.55,1.55,1.55
12/5/2019,1.55,N/A,1.55,1.55,1.55
12/6/2019,1.55,N/A,1.55,1.55,1.55
12/9/2019,1.55,N/A,1.55,1.55,1.55
12/10/2019,1.55,N/A,1.55,1.55,1.55
12/11/2019,1.55,N/A,1.55,1.55,1.55
12/12/2019,1.55,N/A,1.55,1.55,1.55
12/13/2019,1.55,N/A,1.55,1.55,1.55
12/16/2019,1.56,N/A,1.56,1.56,1.56
12/17/2019,1.55,N/A,1.55,1.55,1.55
12/18/2019,1.55,N/A,1.55,1.55,1.55
12/19/2019,1.55,N/A,1.55,1.55,1.55
12/20/2019,1.55,N/A,1.55,1.55,1.55
12/23/2019,1.55,N/A,1.55,1.55,1.55
12/24/2019,1.55,N/A,1.55,1.55,1.55
12/25/2019,1.55,N/A,1.55,1.55,1.55
12/26/2019,1.55,N/A,1.55,1.55,1.55
12/27/2019,1.55,N/A,1.55,1.55,1.55
12/30/2019,1.55,N/A,1.55,1.55,1.55
12/31/2019,1.55,N/A,1.55,1.55,1.55
1/1/2020,1.55,N/A,1.55,1.55,1.55
1/2/2020,1.55,N/A,1.55,1.55,1.55
1/3/2020,1.55,N/A,1.55,1.55,1.55
1/6/2020,1.55,N/A,1.55,1.55,1.55
1/7/2020,1.55,N/A,1.55,1.55,1.55
1/8/2020,1.55,N/A,1.55,1.55,1.55
1/9/2020,1.55,N/A,1.55,1.55,1.55
1/10/2020,1.54,N/A,1.54,1.54,1.54
1/13/2020,1.54,N/A,1.54,1.54,1.54
1/14/2020,1.54,N/A,1.54,1.54,1.54
1/15/2020,1.54,N/A,1.54,1.54,1.54
1/16/2020,1.54,N/A,1.54,1.54,1.54
1/17/2020,1.54,N/A,1.54,1.54,1.54
1/20/2020,1.55,N/A,1.55,1.55,1.55
1/21/2020,1.55,N/A,1.55,1.55,1.55
1/22/2020,1.55,N/A,1.55,1.55,1.55
1/23/2020,1.55,N/A,1.55,1.55,1.55
1/24/2020,1.55,N/A,1.55,1.55,1.55
1/27/2020,1.55,N/A,1.55,1.55,1.55
1/28/2020,1.55,N/A,1.55,1.55,1.55
1/29/2020,1.55,N/A,1.55,1.55,1.55
1/30/2020,1.6,N/A,1.6,1.6,1.6
1/31/2020,1.59,N/A,1.59,1.59,1.59
2/3/2020,1.59,N/A,1.59,1.59,1.59
2/4/2020,1.59,N/A,1.59,1.59,1.59
2/5/2020,1.59,N/A,1.59,1.59,1.59
2/6/2020,1.59,N/A,1.59,1.59,1.59
2/7/2020,1.58,N/A,1.58,1.58,1.58
2/10/2020,1.58,N/A,1.58,1.58,1.58
2/11/2020,1.58,N/A,1.58,1.58,1.58
2/12/2020,1.58,N/A,1.58,1.58,1.58
2/13/2020,1.58,N/A,1.58,1.58,1.58
2/14/2020,1.58,N/A,1.58,1.58,1.58
2/17/2020,1.58,N/A,1.58,1.58,1.58
2/18/2020,1.59,N/A,1.59,1.59,1.59
2/19/2020,1.59,N/A,1.59,1.59,1.59
2/20/2020,1.59,N/A,1.59,1.59,1.59
2/21/2020,1.58,N/A,1.58,1.58,1.58
2/24/2020,1.58,N/A,1.58,1.58,1.58
2/25/2020,1.58,N/A,1.58,1.58,1.58
2/26/2020,1.58,N/A,1.58,1.58,1.58
2/27/2020,1.58,N/A,1.58,1.58,1.58
2/28/2020,1.58,N/A,1.58,1.58,1.58
3/2/2020,1.59,N/A,1.59,1.59,1.59
3/3/2020,1.59,N/A,1.59,1.59,1.59
3/4/2020,1.09,N/A,1.09,1.09,1.09
3/5/2020,1.09,N/A,1.09,1.09,1.09
3/6/2020,1.09,N/A,1.09,1.09,1.09
3/9/2020,1.09,N/A,1.09,1.09,1.09
3/10/2020,1.09,N/A,1.09,1.09,1.09
3/11/2020,1.09,N/A,1.09,1.09,1.09
3/12/2020,1.1,N/A,1.1,1.1,1.1
3/13/2020,1.1,N/A,1.1,1.1,1.1
3/16/2020,0.25,N/A,0.25,0.25,0.25
3/17/2020,0.25,N/A,0.25,0.25,0.25
3/18/2020,0.25,N/A,0.25,0.25,0.25
3/19/2020,0.2,N/A,0.2,0.2,0.2
3/20/2020,0.15,N/A,0.15,0.15,0.15
3/23/2020,0.15,N/A,0.15,0.15,0.15
3/24/2020,0.12,N/A,0.12,0.12,0.12
3/25/2020,0.12,N/A,0.12,0.12,0.12
3/26/2020,0.1,N/A,0.1,0.1,0.1
3/27/2020,0.1,N/A,0.1,0.1,0.1
3/30/2020,0.09,N/A,0.09,0.09,0.09
3/31/2020,0.08,N/A,0.08,0.08,0.08
4/1/2020,0.06,N/A,0.06,0.06,0.06
4/2/2020,0.05,N/A,0.05,0.05,0.05
4/3/2020,0.05,N/A,0.05,0.05,0.05
4/6/2020,0.05,N/A,0.05,0.05,0.05
4/7/2020,0.05,N/A,0.05,0.05,0.05
4/8/2020,0.05,N/A,0.05,0.05,0.05
4/9/2020,0.05,N/A,0.05,0.05,0.05
4/10/2020,0.05,N/A,0.05,0.05,0.05
4/13/2020,0.05,N/A,0.05,0.05,0.05
4/14/2020,0.05,N/A,0.05,0.05,0.05
4/15/2020,0.05,N/A,0.05,0.05,0.05
4/16/2020,0.05,N/A,0.05,0.05,0.05
4/17/2020,0.05,N/A,0.05,0.05,0.05
4/20/2020,0.05,N/A,0.05,0.05,0.05
4/21/2020,0.05,N/A,0.05,0.05,0.05
4/22/2020,0.05,N/A,0.05,0.05,0.05
4/23/2020,0.04,N/A,0.04,0.04,0.04
4/24/2020,0.05,N/A,0.05,0.05,0.05
4/27/2020,0.04,N/A,0.04,0.04,0.04
4/28/2020,0.04,N/A,0.04,0.04,0.04
4/29/2020,0.04,N/A,0.04,0.04,0.04
4/30/2020,0.05,N/A,0.05,0.05,0.05
5/1/2020,0.05,N/A,0.05,0.05,0.05
5/4/2020,0.05,N/A,0.05,0.05,0.05
5/5/2020,0.05,N/A,0.05,0.05,0.05
5/6/2020,0.05,N/A,0.05,0.05,0.05
5/7/2020,0.05,N/A,0.05,0.05,0.05
5/8/2020,0.05,N/A,0.05,0.05,0.05
5/11/2020,0.05,N/A,0.05,0.05,0.05
5/12/2020,0.05,N/A,0.05,0.05,0.05
5/13/2020,0.05,N/A,0.05,0.05,0.05
5/14/2020,0.05,N/A,0.05,0.05,0.05
5/15/2020,0.05,N/A,0.05,0.05,0.05
5/18/2020,0.05,N/A,0.05,0.05,0.05
5/19/2020,0.05,N/A,0.05,0.05,0.05
5/20/2020,0.05,N/A,0.05,0.05,0.05
5/21/2020,0.05,N/A,0.05,0.05,0.05
5/22/2020,0.05,N/A,0.05,0.05,0.05
5/25/2020,0.05,N/A,0.05,0.05,0.05
5/26/2020,0.05,N/A,0.05,0.05,0.05
5/27/2020,0.05,N/A,0.05,0.05,0.05
5/28/2020,0.05,N/A,0.05,0.05,0.05
5/29/2020,0.05,N/A,0.05,0.05,0.05
6/1/2020,0.05,N/A,0.05,0.05,0.05
6/2/2020,0.06,N/A,0.06,0.06,0.06
6/3/2020,0.06,N/A,0.06,0.06,0.06
6/4/2020,0.06,N/A,0.06,0.06,0.06
6/5/2020,0.07,N/A,0.07,0.07,0.07
6/8/2020,0.07,N/A,0.07,0.07,0.07
6/9/2020,0.07,N/A,0.07,0.07,0.07
6/10/2020,0.08,N/A,0.08,0.08,0.08
6/11/2020,0.08,N/A,0.08,0.08,0.08
6/12/2020,0.08,N/A,0.08,0.08,0.08
6/15/2020,0.09,N/A,0.09,0.09,0.09
6/16/2020,0.09,N/A,0.09,0.09,0.09
6/17/2020,0.09,N/A,0.09,0.09,0.09
6/18/2020,0.09,N/A,0.09,0.09,0.09
6/19/2020,0.09,N/A,0.09,0.09,0.09
6/22/2020,0.08,N/A,0.08,0.08,0.08
6/23/2020,0.08,N/A,0.08,0.08,0.08
6/24/2020,0.08,N/A,0.08,0.08,0.08
6/25/2020,0.08,N/A,0.08,0.08,0.08
6/26/2020,0.08,N/A,0.08,0.08,0.08
6/29/2020,0.08,N/A,0.08,0.08,0.08
6/30/2020,0.08,N/A,0.08,0.08,0.08
7/1/2020,0.08,N/A,0.08,0.08,0.08
7/2/2020,0.08,N/A,0.08,0.08,0.08
7/3/2020,0.09,N/A,0.09,0.09,0.09
7/6/2020,0.09,N/A,0.09,0.09,0.09
7/7/2020,0.09,N/A,0.09,0.09,0.09
7/8/2020,0.09,N/A,0.09,0.09,0.09
7/9/2020,0.09,N/A,0.09,0.09,0.09
7/10/2020,0.09,N/A,0.09,0.09,0.09
7/13/2020,0.09,N/A,0.09,0.09,0.09
7/14/2020,0.09,N/A,0.09,0.09,0.09
7/15/2020,0.1,N/A,0.1,0.1,0.1
7/16/2020,0.1,N/A,0.1,0.1,0.1
7/17/2020,0.09,N/A,0.09,0.09,0.09
7/20/2020,0.1,N/A,0.1,0.1,0.1
7/21/2020,0.1,N/A,0.1,0.1,0.1
7/22/2020,0.09,N/A,0.09,0.09,0.09
7/23/2020,0.09,N/A,0.09,0.09,0.09
7/24/2020,0.09,N/A,0.09,0.09,0.09
7/27/2020,0.1,N/A,0.1,0.1,0.1
7/28/2020,0.1,N/A,0.1,0.1,0.1
7/29/2020,0.1,N/A,0.1,0.1,0.1
7/30/2020,0.1,N/A,0.1,0.1,0.1
7/31/2020,0.1,N/A,0.1,0.1,0.1
8/3/2020,0.1,N/A,0.1,0.1,0.1
8/4/2020,0.1,N/A,0.1,0.1,0.1
8/5/2020,0.1,N/A,0.1,0.1,0.1
8/6/2020,0.1,N/A,0.1,0.1,0.1
8/7/2020,0.1,N/A,0.1,0.1,0.1
8/10/2020,0.1,N/A,0.1,0.1,0.1
8/11/2020,0.1,N/A,0.1,0.1,0.1
8/12/2020,0.1,N/A,0.1,0.1,0.1
8/13/2020,0.1,N/A,0.1,0.1,0.1
8/14/2020,0.1,N/A,0.1,0.1,0.1
8/17/2020,0.1,N/A,0.1,0.1,0.1
8/18/2020,0.09,N/A,0.09,0.09,0.09
8/19/2020,0.09,N/A,0.09,0.09,0.09
8/20/2020,0.09,N/A,0.09,0.09,0.09
8/21/2020,0.09,N/A,0.09,0.09,0.09
8/24/2020,0.09,N/A,0.09,0.09,0.09
8/25/2020,0.09,N/A,0.09,0.09,0.09
8/26/2020,0.09,N/A,0.09,0.09,0.09
8/27/2020,0.08,N/A,0.08,0.08,0.08
8/28/2020,0.09,N/A,0.09,0.09,0.09
8/31/2020,0.09,N/A,0.09,0.09,0.09
9/1/2020,0.09,N/A,0.09,0.09,0.09
9/2/2020,0.09,N/A,0.09,0.09,0.09
9/3/2020,0.09,N/A,0.09,0.09,0.09
9/4/2020,0.09,N/A,0.09,0.09,0.09
9/7/2020,0.09,N/A,0.09,0.09,0.09
9/8/2020,0.09,N/A,0.09,0.09,0.09
9/9/2020,0.09,N/A,0.09,0.09,0.09
9/10/2020,0.09,N/A,0.09,0.09,0.09
9/11/2020,0.09,N/A,0.09,0.09,0.09
9/14/2020,0.09,N/A,0.09,0.09,0.09
9/15/2020,0.09,N/A,0.09,0.09,0.09
9/16/2020,0.09,N/A,0.09,0.09,0.09
9/17/2020,0.09,N/A,0.09,0.09,0.09
9/18/2020,0.09,N/A,0.09,0.09,0.09
9/21/2020,0.09,N/A,0.09,0.09,0.09
9/22/2020,0.09,N/A,0.09,0.09,0.09
9/23/2020,0.09,N/A,0.09,0.09,0.09
9/24/2020,0.09,N/A,0.09,0.09,0.09
9/25/2020,0.09,N/A,0.09,0.09,0.09
9/28/2020,0.09,N/A,0.09,0.09,0.09
9/29/2020,0.09,N/A,0.09,0.09,0.09
9/30/2020,0.09,N/A,0.09,0.09,0.09
10/1/2020,0.09,N/A,0.09,0.09,0.09
10/2/2020,0.09,N/A,0.09,0.09,0.09
10/5/2020,0.09,N/A,0.09,0.09,0.09
10/6/2020,0.09,N/A,0.09,0.09,0.09
10/7/2020,0.09,N/A,0.09,0.09,0.09
10/8/2020,0.09,N/A,0.09,0.09,0.09
10/9/2020,0.09,N/A,0.09,0.09,0.09
10/12/2020,0.09,N/A,0.09,0.09,0.09
10/13/2020,0.09,N/A,0.09,0.09,0.09
10/14/2020,0.09,N/A,0.09,0.09,0.09
10/15/2020,0.09,N/A,0.09,0.09,0.09
10/16/2020,0.09,N/A,0.09,0.09,0.09
10/19/2020,0.09,N/A,0.09,0.09,0.09
10/20/2020,0.09,N/A,0.09,0.09,0.09
10/21/2020,0.09,N/A,0.09,0.09,0.09
10/22/2020,0.09,N/A,0.09,0.09,0.09
10/23/2020,0.09,N/A,0.09,0.09,0.09
10/26/2020,0.09,N/A,0.09,0.09,0.09
10/27/2020,0.09,N/A,0.09,0.09,0.09
10/28/2020,0.09,N/A,0.09,0.09,0.09
10/29/2020,0.09,N/A,0.09,0.09,0.09
10/30/2020,0.09,N/A,0.09,0.09,0.09
11/2/2020,0.09,N/A,0.09,0.09,0.09
11/3/2020,0.09,N/A,0.09,0.09,0.09
11/4/2020,0.09,N/A,0.09,0.09,0.09
11/5/2020,0.09,N/A,0.09,0.09,0.09
11/6/2020,0.09,N/A,0.09,0.09,0.09
11/9/2020,0.09,N/A,0.09,0.09,0.09
11/10/2020,0.09,N/A,0.09,0.09,0.09
11/11/2020,0.09,N/A,0.09,0.09,0.09
11/12/2020,0.09,N/A,0.09,0.09,0.09
11/13/2020,0.09,N/A,0.09,0.09,0.09
11/16/2020,0.09,N/A,0.09,0.09,0.09
11/17/2020,0.09,N/A,0.09,0.09,0.09
11/18/2020,0.09,N/A,0.09,0.09,0.09
11/19/2020,0.08,N/A,0.08,0.08,0.08
11/20/2020,0.08,N/A,0.08,0.08,0.08
11/23/2020,0.08,N/A,0.08,0.08,0.08
11/24/2020,0.08,N/A,0.08,0.08,0.08
11/25/2020,0.08,N/A,0.08,0.08,0.08
11/26/2020,0.08,N/A,0.08,0.08,0.08
11/27/2020,0.08,N/A,0.08,0.08,0.08
11/30/2020,0.09,N/A,0.09,0.09,0.09
12/1/2020,0.09,N/A,0.09,0.09,0.09
12/2/2020,0.09,N/A,0.09,0.09,0.09
12/3/2020,0.09,N/A,0.09,0.09,0.09
12/4/2020,0.09,N/A,0.09,0.09,0.09
12/7/2020,0.09,N/A,0.09,0.09,0.09
12/8/2020,0.09,N/A,0.09,0.09,0.09
12/9/2020,0.09,N/A,0.09,0.09,0.09
12/10/2020,0.09,N/A,0.09,0.09,0.09
12/11/2020,0.09,N/A,0.09,0.09,0.09
12/14/2020,0.09,N/A,0.09,0.09,0.09
12/15/2020,0.09,N/A,0.09,0.09,0.09
12/16/2020,0.09,N/A,0.09,0.09,0.09
12/17/2020,0.09,N/A,0.09,0.09,0.09
12/18/2020,0.09,N/A,0.09,0.09,0.09
12/21/2020,0.09,N/A,0.09,0.09,0.09
12/22/2020,0.09,N/A,0.09,0.09,0.09
12/23/2020,0.09,N/A,0.09,0.09,0.09
12/24/2020,0.09,N/A,0.09,0.09,0.09
12/25/2020,0.09,N/A,0.09,0.09,0.09
12/28/2020,0.09,N/A,0.09,0.09,0.09
12/29/2020,0.09,N/A,0.09,0.09,0.09
12/30/2020,0.09,N/A,0.09,0.09,0.09
12/31/2020,0.09,N/A,0.09,0.09,0.09
1/1/2021,0.09,N/A,0.09,0.09,0.09
1/4/2021,0.09,N/A,0.09,0.09,0.09
1/5/2021,0.09,N/A,0.09,0.09,0.09
1/6/2021,0.09,N/A,0.09,0.09,0.09
1/7/2021,0.09,N/A,0.09,0.09,0.09
1/8/2021,0.09,N/A,0.09,0.09,0.09
1/11/2021,0.09,N/A,0.09,0.09,0.09
1/12/2021,0.09,N/A,0.09,0.09,0.09
1/13/2021,0.09,N/A,0.09,0.09,0.09
1/14/2021,0.09,N/A,0.09,0.09,0.09
1/15/2021,0.09,N/A,0.09,0.09,0.09
1/18/2021,0.09,N/A,0.09,0.09,0.09
1/19/2021,0.09,N/A,0.09,0.09,0.09
1/20/2021,0.09,N/A,0.09,0.09,0.09
1/21/2021,0.08,N/A,0.08,0.08,0.08
1/22/2021,0.08,N/A,0.08,0.08,0.08
1/25/2021,0.08,N/A,0.08,0.08,0.08
1/26/2021,0.08,N/A,0.08,0.08,0.08
1/27/2021,0.08,N/A,0.08,0.08,0.08
1/28/2021,0.07,N/A,0.07,0.07,0.07
1/29/2021,0.07,N/A,0.07,0.07,0.07
2/1/2021,0.08,N/A,0.08,0.08,0.08
2/2/2021,0.08,N/A,0.08,0.08,0.08
2/3/2021,0.08,N/A,0.08,0.08,0.08
2/4/2021,0.08,N/A,0.08,0.08,0.08
2/5/2021,0.08,N/A,0.08,0.08,0.08
2/8/2021,0.07,N/A,0.07,0.07,0.07
2/9/2021,0.08,N/A,0.08,0.08,0.08
2/10/2021,0.08,N/A,0.08,0.08,0.08
2/11/2021,0.08,N/A,0.08,0.08,0.08
2/12/2021,0.08,N/A,0.08,0.08,0.08
2/15/2021,0.08,N/A,0.08,0.08,0.08
2/16/2021,0.08,N/A,0.08,0.08,0.08
2/17/2021,0.08,N/A,0.08,0.08,0.08
2/18/2021,0.07,N/A,0.07,0.07,0.07
2/19/2021,0.07,N/A,0.07,0.07,0.07
2/22/2021,0.07,N/A,0.07,0.07,0.07
2/23/2021,0.07,N/A,0.07,0.07,0.07
2/24/2021,0.07,N/A,0.07,0.07,0.07
2/25/2021,0.07,N/A,0.07,0.07,0.07
2/26/2021,0.07,N/A,0.07,0.07,0.07
3/1/2021,0.07,N/A,0.07,0.07,0.07
3/2/2021,0.07,N/A,0.07,0.07,0.07
3/3/2021,0.07,N/A,0.07,0.07,0.07
3/4/2021,0.07,N/A,0.07,0.07,0.07
3/5/2021,0.07,N/A,0.07,0.07,0.07
3/8/2021,0.07,N/A,0.07,0.07,0.07
3/9/2021,0.07,N/A,0.07,0.07,0.07
3/10/2021,0.07,N/A,0.07,0.07,0.07
3/11/2021,0.07,N/A,0.07,0.07,0.07
3/12/2021,0.07,N/A,0.07,0.07,0.07
3/15/2021,0.07,N/A,0.07,0.07,0.07
3/16/2021,0.07,N/A,0.07,0.07,0.07
3/17/2021,0.07,N/A,0.07,0.07,0.07
3/18/2021,0.07,N/A,0.07,0.07,0.07
3/19/2021,0.07,N/A,0.07,0.07,0.07
3/22/2021,0.07,N/A,0.07,0.07,0.07
3/23/2021,0.07,N/A,0.07,0.07,0.07
3/24/2021,0.07,N/A,0.07,0.07,0.07
3/25/2021,0.07,N/A,0.07,0.07,0.07
3/26/2021,0.07,N/A,0.07,0.07,0.07
3/29/2021,0.07,N/A,0.07,0.07,0.07
3/30/2021,0.07,N/A,0.07,0.07,0.07
3/31/2021,0.06,N/A,0.06,0.06,0.06
4/1/2021,0.06,N/A,0.06,0.06,0.06
4/2/2021,0.07,N/A,0.07,0.07,0.07
4/5/2021,0.07,N/A,0.07,0.07,0.07
4/6/2021,0.07,N/A,0.07,0.07,0.07
4/7/2021,0.07,N/A,0.07,0.07,0.07
4/8/2021,0.07,N/A,0.07,0.07,0.07
4/9/2021,0.07,N/A,0.07,0.07,0.07
4/12/2021,0.07,N/A,0.07,0.07,0.07
4/13/2021,0.07,N/A,0.07,0.07,0.07
4/14/2021,0.07,N/A,0.07,0.07,0.07
4/15/2021,0.07,N/A,0.07,0.07,0.07
4/16/2021,0.07,N/A,0.07,0.07,0.07
4/19/2021,0.07,N/A,0.07,0.07,0.07
4/20/2021,0.07,N/A,0.07,0.07,0.07
4/21/2021,0.07,N/A,0.07,0.07,0.07
4/22/2021,0.07,N/A,0.07,0.07,0.07
4/23/2021,0.07,N/A,0.07,0.07,0.07
4/26/2021,0.07,N/A,0.07,0.07,0.07
4/27/2021,0.07,N/A,0.07,0.07,0.07
4/28/2021,0.07,N/A,0.07,0.07,0.07
4/29/2021,0.06,N/A,0.06,0.06,0.06
4/30/2021,0.05,N/A,0.05,0.05,0.05
5/3/2021,0.05,N/A,0.05,0.05,0.05
5/4/2021,0.06,N/A,0.06,0.06,0.06
5/5/2021,0.06,N/A,0.06,0.06,0.06
5/6/2021,0.06,N/A,0.06,0.06,0.06
5/7/2021,0.06,N/A,0.06,0.06,0.06
5/10/2021,0.06,N/A,0.06,0.06,0.06
5/11/2021,0.06,N/A,0.06,0.06,0.06
5/12/2021,0.06,N/A,0.06,0.06,0.06
5/13/2021,0.06,N/A,0.06,0.06,0.06
5/14/2021,0.06,N/A,0.06,0.06,0.06
5/17/2021,0.06,N/A,0.06,0.06,0.06
5/18/2021,0.06,N/A,0.06,0.06,0.06
5/19/2021,0.06,N/A,0.06,0.06,0.06
5/20/2021,0.06,N/A,0.06,0.06,0.06
5/21/2021,0.06,N/A,0.06,0.06,0.06
5/24/2021,0.06,N/A,0.06,0.06,0.06
5/25/2021,0.06,N/A,0.06,0.06,0.06
5/26/2021,0.06,N/A,0.06,0.06,0.06
5/27/2021,0.06,N/A,0.06,0.06,0.06
5/28/2021,0.06,N/A,0.06,0.06,0.06
5/31/2021,0.05,N/A,0.05,0.05,0.05
6/1/2021,0.06,N/A,0.06,0.06,0.06
6/2/2021,0.06,N/A,0.06,0.06,0.06
6/3/2021,0.06,N/A,0.06,0.06,0.06
6/4/2021,0.06,N/A,0.06,0.06,0.06
6/7/2021,0.06,N/A,0.06,0.06,0.06
6/8/2021,0.06,N/A,0.06,0.06,0.06
6/9/2021,0.06,N/A,0.06,0.06,0.06
6/10/2021,0.06,N/A,0.06,0.06,0.06
6/11/2021,0.06,N/A,0.06,0.06,0.06
6/14/2021,0.06,N/A,0.06,0.06,0.06
6/15/2021,0.06,N/A,0.06,0.06,0.06
6/16/2021,0.06,N/A,0.06,0.06,0.06
6/17/2021,0.06,N/A,0.06,0.06,0.06
6/18/2021,0.1,N/A,0.1,0.1,0.1
6/21/2021,0.1,N/A,0.1,0.1,0.1
6/22/2021,0.1,N/A,0.1,0.1,0.1
6/23/2021,0.1,N/A,0.1,0.1,0.1
6/24/2021,0.1,N/A,0.1,0.1,0.1
6/25/2021,0.1,N/A,0.1,0.1,0.1
6/28/2021,0.1,N/A,0.1,0.1,0.1
6/29/2021,0.1,N/A,0.1,0.1,0.1
6/30/2021,0.08,N/A,0.08,0.08,0.08
7/1/2021,0.1,N/A,0.1,0.1,0.1
7/2/2021,0.1,N/A,0.1,0.1,0.1
7/5/2021,0.1,N/A,0.1,0.1,0.1
7/6/2021,0.1,N/A,0.1,0.1,0.1
7/7/2021,0.1,N/A,0.1,0.1,0.1
7/8/2021,0.1,N/A,0.1,0.1,0.1
7/9/2021,0.1,N/A,0.1,0.1,0.1
7/12/2021,0.1,N/A,0.1,0.1,0.1
7/13/2021,0.1,N/A,0.1,0.1,0.1
7/14/2021,0.1,N/A,0.1,0.1,0.1
7/15/2021,0.1,N/A,0.1,0.1,0.1
7/16/2021,0.1,N/A,0.1,0.1,0.1
7/19/2021,0.1,N/A,0.1,0.1,0.1
7/20/2021,0.1,N/A,0.1,0.1,0.1
7/21/2021,0.1,N/A,0.1,0.1,0.1
7/22/2021,0.1,N/A,0.1,0.1,0.1
7/23/2021,0.1,N/A,0.1,0.1,0.1
7/26/2021,0.1,N/A,0.1,0.1,0.1
7/27/2021,0.1,N/A,0.1,0.1,0.1
7/28/2021,0.1,N/A,0.1,0.1,0.1
7/29/2021,0.1,N/A,0.1,0.1,0.1
7/30/2021,0.07,N/A,0.07,0.07,0.07
8/2/2021,0.1,N/A,0.1,0.1,0.1
8/3/2021,0.1,N/A,0.1,0.1,0.1
8/4/2021,0.1,N/A,0.1,0.1,0.1
8/5/2021,0.1,N/A,0.1,0.1,0.1
8/6/2021,0.1,N/A,0.1,0.1,0.1
8/9/2021,0.1,N/A,0.1,0.1,0.1
8/10/2021,0.1,N/A,0.1,0.1,0.1
8/11/2021,0.1,N/A,0.1,0.1,0.1
8/12/2021,0.1,N/A,0.1,0.1,0.1
8/13/2021,0.1,N/A,0.1,0.1,0.1
8/16/2021,0.1,N/A,0.1,0.1,0.1
8/17/2021,0.1,N/A,0.1,0.1,0.1
8/18/2021,0.09,N/A,0.09,0.09,0.09
8/19/2021,0.09,N/A,0.09,0.09,0.09
8/20/2021,0.09,N/A,0.09,0.09,0.09
8/23/2021,0.09,N/A,0.09,0.09,0.09
8/24/2021,0.09,N/A,0.09,0.09,0.09
8/25/2021,0.09,N/A,0.09,0.09,0.09
8/26/2021,0.09,N/A,0.09,0.09,0.09
8/27/2021,0.08,N/A,0.08,0.08,0.08
8/30/2021,0.08,N/A,0.08,0.08,0.08
8/31/2021,0.06,N/A,0.06,0.06,0.06
9/1/2021,0.08,N/A,0.08,0.08,0.08
9/2/2021,0.08,N/A,0.08,0.08,0.08
9/3/2021,0.08,N/A,0.08,0.08,0.08
9/6/2021,0.08,N/A,0.08,0.08,0.08
9/7/2021,0.08,N/A,0.08,0.08,0.08
9/8/2021,0.08,N/A,0.08,0.08,0.08
9/9/2021,0.08,N/A,0.08,0.08,0.08
9/10/2021,0.08,N/A,0.08,0.08,0.08
9/13/2021,0.08,N/A,0.08,0.08,0.08
9/14/2021,0.08,N/A,0.08,0.08,0.08
9/15/2021,0.08,N/A,0.08,0.08,0.08
9/16/2021,0.08,N/A,0.08,0.08,0.08
9/17/2021,0.08,N/A,0.08,0.08,0.08
9/20/2021,0.08,N/A,0.08,0.08,0.08
9/21/2021,0.08,N/A,0.08,0.08,0.08
9/22/2021,0.08,N/A,0.08,0.08,0.08
9/23/2021,0.08,N/A,0.08,0.08,0.08
9/24/2021,0.08,N/A,0.08,0.08,0.08
9/27/2021,0.08,N/A,0.08,0.08,0.08
9/28/2021,0.08,N/A,0.08,0.08,0.08
9/29/2021,0.08,N/A,0.08,0.08,0.08
9/30/2021,0.06,N/A,0.06,0.06,0.06
10/1/2021,0.08,N/A,0.08,0.08,0.08
10/4/2021,0.08,N/A,0.08,0.08,0.08
10/5/2021,0.08,N/A,0.08,0.08,0.08
10/6/2021,0.08,N/A,0.08,0.08,0.08
10/7/2021,0.08,N/A,0.08,0.08,0.08
10/8/2021,0.08,N/A,0.08,0.08,0.08
10/11/2021,0.08,N/A,0.08,0.08,0.08
10/12/2021,0.08,N/A,0.08,0.08,0.08
10/13/2021,0.08,N/A,0.08,0.08,0.08
10/14/2021,0.08,N/A,0.08,0.08,0.08
10/15/2021,0.08,N/A,0.08,0.08,0.08
10/18/2021,0.08,N/A,0.08,0.08,0.08
10/19/2021,0.08,N/A,0.08,0.08,0.08
10/20/2021,0.08,N/A,0.08,0.08,0.08
10/21/2021,0.08,N/A,0.08,0.08,0.08
10/22/2021,0.08,N/A,0.08,0.08,0.08
10/25/2021,0.08,N/A,0.08,0.08,0.08
10/26/2021,0.08,N/A,0.08,0.08,0.08
10/27/2021,0.08,N/A,0.08,0.08,0.08
10/28/2021,0.08,N/A,0.08,0.08,0.08
10/29/2021,0.07,N/A,0.07,0.07,0.07
11/1/2021,0.08,N/A,0.08,0.08,0.08
11/2/2021,0.08,N/A,0.08,0.08,0.08
11/3/2021,0.08,N/A,0.08,0.08,0.08
11/4/2021,0.08,N/A,0.08,0.08,0.08
11/5/2021,0.08,N/A,0.08,0.08,0.08
11/8/2021,0.08,N/A,0.08,0.08,0.08
11/9/2021,0.08,N/A,0.08,0.08,0.08
11/10/2021,0.08,N/A,0.08,0.08,0.08
11/11/2021,0.08,N/A,0.08,0.08,0.08
11/12/2021,0.08,N/A,0.08,0.08,0.08
11/15/2021,0.08,N/A,0.08,0.08,0.08
11/16/2021,0.08,N/A,0.08,0.08,0.08
11/17/2021,0.08,N/A,0.08,0.08,0.08
11/18/2021,0.08,N/A,0.08,0.08,0.08
11/19/2021,0.08,N/A,0.08,0.08,0.08
11/22/2021,0.08,N/A,0.08,0.08,0.08
11/23/2021,0.08,N/A,0.08,0.08,0.08
11/24/2021,0.08,N/A,0.08,0.08,0.08
11/25/2021,0.08,N/A,0.08,0.08,0.08
11/26/2021,0.08,N/A,0.08,0.08,0.08
11/29/2021,0.08,N/A,0.08,0.08,0.08
11/30/2021,0.07,N/A,0.07,0.07,0.07
12/1/2021,0.08,N/A,0.08,0.08,0.08
12/2/2021,0.08,N/A,0.08,0.08,0.08
12/3/2021,0.08,N/A,0.08,0.08,0.08
12/6/2021,0.08,N/A,0.08,0.08,0.08
12/7/2021,0.08,N/A,0.08,0.08,0.08
12/8/2021,0.08,N/A,0.08,0.08,0.08
12/9/2021,0.08,N/A,0.08,0.08,0.08
12/10/2021,0.08,N/A,0.08,0.08,0.08
12/13/2021,0.08,N/A,0.08,0.08,0.08
12/14/2021,0.08,N/A,0.08,0.08,0.08
12/15/2021,0.08,N/A,0.08,0.08,0.08
12/16/2021,0.08,N/A,0.08,0.08,0.08
12/17/2021,0.08,N/A,0.08,0.08,0.08
12/20/2021,0.08,N/A,0.08,0.08,0.08
12/21/2021,0.08,N/A,0.08,0.08,0.08
12/22/2021,0.08,N/A,0.08,0.08,0.08
12/23/2021,0.08,N/A,0.08,0.08,0.08
12/24/2021,0.08,N/A,0.08,0.08,0.08
12/27/2021,0.08,N/A,0.08,0.08,0.08
12/28/2021,0.08,N/A,0.08,0.08,0.08
12/29/2021,0.08,N/A,0.08,0.08,0.08
12/30/2021,0.08,N/A,0.08,0.08,0.08
12/31/2021,0.07,N/A,0.07,0.07,0.07
1/3/2022,0.08,N/A,0.08,0.08,0.08
1/4/2022,0.08,N/A,0.08,0.08,0.08
1/5/2022,0.08,N/A,0.08,0.08,0.08
1/6/2022,0.08,N/A,0.08,0.08,0.08
1/7/2022,0.08,N/A,0.08,0.08,0.08
1/10/2022,0.08,N/A,0.08,0.08,0.08
1/11/2022,0.08,N/A,0.08,0.08,0.08
1/12/2022,0.08,N/A,0.08,0.08,0.08
1/13/2022,0.08,N/A,0.08,0.08,0.08
1/14/2022,0.08,N/A,0.08,0.08,0.08
1/17/2022,0.08,N/A,0.08,0.08,0.08
1/18/2022,0.08,N/A,0.08,0.08,0.08
1/19/2022,0.08,N/A,0.08,0.08,0.08
1/20/2022,0.08,N/A,0.08,0.08,0.08
1/21/2022,0.08,N/A,0.08,0.08,0.08
1/24/2022,0.08,N/A,0.08,0.08,0.08
1/25/2022,0.08,N/A,0.08,0.08,0.08
1/26/2022,0.08,N/A,0.08,0.08,0.08
1/27/2022,0.08,N/A,0.08,0.08,0.08
1/28/2022,0.08,N/A,0.08,0.08,0.08
1/31/2022,0.08,N/A,0.08,0.08,0.08
2/1/2022,0.08,N/A,0.08,0.08,0.08
2/2/2022,0.08,N/A,0.08,0.08,0.08
2/3/2022,0.08,N/A,0.08,0.08,0.08
2/4/2022,0.08,N/A,0.08,0.08,0.08
2/7/2022,0.08,N/A,0.08,0.08,0.08
2/8/2022,0.08,N/A,0.08,0.08,0.08
2/9/2022,0.08,N/A,0.08,0.08,0.08
2/10/2022,0.08,N/A,0.08,0.08,0.08
2/11/2022,0.08,N/A,0.08,0.08,0.08
2/14/2022,0.08,N/A,0.08,0.08,0.08
2/15/2022,0.08,N/A,0.08,0.08,0.08
2/16/2022,0.08,N/A,0.08,0.08,0.08
2/17/2022,0.08,N/A,0.08,0.08,0.08
2/18/2022,0.08,N/A,0.08,0.08,0.08
2/21/2022,0.08,N/A,0.08,0.08,0.08
2/22/2022,0.08,N/A,0.08,0.08,0.08
2/23/2022,0.08,N/A,0.08,0.08,0.08
2/24/2022,0.08,N/A,0.08,0.08,0.08
2/25/2022,0.08,N/A,0.08,0.08,0.08
2/28/2022,0.08,N/A,0.08,0.08,0.08
3/1/2022,0.08,N/A,0.08,0.08,0.08
3/2/2022,0.08,N/A,0.08,0.08,0.08
3/3/2022,0.08,N/A,0.08,0.08,0.08
3/4/2022,0.08,N/A,0.08,0.08,0.08
3/7/2022,0.08,N/A,0.08,0.08,0.08
3/8/2022,0.08,N/A,0.08,0.08,0.08
3/9/2022,0.08,N/A,0.08,0.08,0.08
3/10/2022,0.08,N/A,0.08,0.08,0.08
3/11/2022,0.08,N/A,0.08,0.08,0.08
3/14/2022,0.08,N/A,0.08,0.08,0.08
3/15/2022,0.08,N/A,0.08,0.08,0.08
3/16/2022,0.08,N/A,0.08,0.08,0.08
3/17/2022,0.33,N/A,0.33,0.33,0.33
3/18/2022,0.33,N/A,0.33,0.33,0.33
3/21/2022,0.33,N/A,0.33,0.33,0.33
3/22/2022,0.33,N/A,0.33,0.33,0.33
3/23/2022,0.33,N/A,0.33,0.33,0.33
3/24/2022,0.33,N/A,0.33,0.33,0.33
3/25/2022,0.33,N/A,0.33,0.33,0.33
3/28/2022,0.33,N/A,0.33,0.33,0.33
3/29/2022,0.33,N/A,0.33,0.33,0.33
3/30/2022,0.33,N/A,0.33,0.33,0.33
3/31/2022,0.33,N/A,0.33,0.33,0.33
4/1/2022,0.33,N/A,0.33,0.33,0.33
4/4/2022,0.33,N/A,0.33,0.33,0.33
4/5/2022,0.33,N/A,0.33,0.33,0.33
4/6/2022,0.33,N/A,0.33,0.33,0.33
4/7/2022,0.33,N/A,0.33,0.33,0.33
4/8/2022,0.33,N/A,0.33,0.33,0.33
4/11/2022,0.33,N/A,0.33,0.33,0.33
4/12/2022,0.33,N/A,0.33,0.33,0.33
4/13/2022,0.33,N/A,0.33,0.33,0.33
4/14/2022,0.33,N/A,0.33,0.33,0.33
4/15/2022,0.33,N/A,0.33,0.33,0.33
4/18/2022,0.33,N/A,0.33,0.33,0.33
4/19/2022,0.33,N/A,0.33,0.33,0.33
4/20/2022,0.33,N/A,0.33,0.33,0.33
4/21/2022,0.33,N/A,0.33,0.33,0.33
4/22/2022,0.33,N/A,0.33,0.33,0.33
4/25/2022,0.33,N/A,0.33,0.33,0.33
4/26/2022,0.33,N/A,0.33,0.33,0.33
4/27/2022,0.33,N/A,0.33,0.33,0.33
4/28/2022,0.33,N/A,0.33,0.33,0.33
4/29/2022,0.33,N/A,0.33,0.33,0.33
5/2/2022,0.33,N/A,0.33,0.33,0.33
5/3/2022,0.33,N/A,0.33,0.33,0.33
5/4/2022,0.33,N/A,0.33,0.33,0.33
5/5/2022,0.83,N/A,0.83,0.83,0.83
5/6/2022,0.83,N/A,0.83,0.83,0.83
5/9/2022,0.83,N/A,0.83,0.83,0.83
5/10/2022,0.83,N/A,0.83,0.83,0.83
5/11/2022,0.83,N/A,0.83,0.83,0.83
5/12/2022,0.83,N/A,0.83,0.83,0.83
5/13/2022,0.83,N/A,0.83,0.83,0.83
5/16/2022,0.83,N/A,0.83,0.83,0.83
5/17/2022,0.83,N/A,0.83,0.83,0.83
5/18/2022,0.83,N/A,0.83,0.83,0.83
5/19/2022,0.83,N/A,0.83,0.83,0.83
5/20/2022,0.83,N/A,0.83,0.83,0.83
5/23/2022,0.83,N/A,0.83,0.83,0.83
5/24/2022,0.83,N/A,0.83,0.83,0.83
5/25/2022,0.83,N/A,0.83,0.83,0.83
5/26/2022,0.83,N/A,0.83,0.83,0.83
5/27/2022,0.83,N/A,0.83,0.83,0.83
5/30/2022,0.83,N/A,0.83,0.83,0.83
5/31/2022,0.83,N/A,0.83,0.83,0.83
6/1/2022,0.83,N/A,0.83,0.83,0.83
6/2/2022,0.83,N/A,0.83,0.83,0.83
6/3/2022,0.83,N/A,0.83,0.83,0.83
6/6/2022,0.83,N/A,0.83,0.83,0.83
6/7/2022,0.83,N/A,0.83,0.83,0.83
6/8/2022,0.83,N/A,0.83,0.83,0.83
6/9/2022,0.83,N/A,0.83,0.83,0.83
6/10/2022,0.83,N/A,0.83,0.83,0.83
6/13/2022,0.83,N/A,0.83,0.83,0.83
6/14/2022,0.83,N/A,0.83,0.83,0.83
6/15/2022,0.83,N/A,0.83,0.83,0.83
6/16/2022,1.58,N/A,1.58,1.58,1.58
6/17/2022,1.58,N/A,1.58,1.58,1.58
6/20/2022,1.58,N/A,1.58,1.58,1.58
6/21/2022,1.58,N/A,1.58,1.58,1.58
6/22/2022,1.58,N/A,1.58,1.58,1.58
6/23/2022,1.58,N/A,1.58,1.58,1.58
6/24/2022,1.58,N/A,1.58,1.58,1.58
6/27/2022,1.58,N/A,1.58,1.58,1.58
6/28/2022,1.58,N/A,1.58,1.58,1.58
6/29/2022,1.58,N/A,1.58,1.58,1.58
6/30/2022,1.58,N/A,1.58,1.58,1.58
7/1/2022,1.58,N/A,1.58,1.58,1.58
7/4/2022,1.58,N/A,1.58,1.58,1.58
7/5/2022,1.58,N/A,1.58,1.58,1.58
7/6/2022,1.58,N/A,1.58,1.58,1.58
7/7/2022,1.58,N/A,1.58,1.58,1.58
7/8/2022,1.58,N/A,1.58,1.58,1.58
7/11/2022,1.58,N/A,1.58,1.58,1.58
7/12/2022,1.58,N/A,1.58,1.58,1.58
7/13/2022,1.58,N/A,1.58,1.58,1.58
7/14/2022,1.58,N/A,1.58,1.58,1.58
7/15/2022,1.58,N/A,1.58,1.58,1.58
7/18/2022,1.58,N/A,1.58,1.58,1.58
7/19/2022,1.58,N/A,1.58,1.58,1.58
7/20/2022,1.58,N/A,1.58,1.58,1.58
7/21/2022,1.58,N/A,1.58,1.58,1.58
7/22/2022,1.58,N/A,1.58,1.58,1.58
7/25/2022,1.58,N/A,1.58,1.58,1.58
7/26/2022,1.58,N/A,1.58,1.58,1.58
7/27/2022,1.58,N/A,1.58,1.58,1.58
7/28/2022,2.33,N/A,2.33,2.33,2.33
7/29/2022,2.32,N/A,2.32,2.32,2.32
8/1/2022,2.33,N/A,2.33,2.33,2.33
8/2/2022,2.33,N/A,2.33,2.33,2.33
8/3/2022,2.33,N/A,2.33,2.33,2.33
8/4/2022,2.33,N/A,2.33,2.33,2.33
8/5/2022,2.33,N/A,2.33,2.33,2.33
8/8/2022,2.33,N/A,2.33,2.33,2.33
8/9/2022,2.33,N/A,2.33,2.33,2.33
8/10/2022,2.33,N/A,2.33,2.33,2.33
8/11/2022,2.33,N/A,2.33,2.33,2.33
8/12/2022,2.33,N/A,2.33,2.33,2.33
8/15/2022,2.33,N/A,2.33,2.33,2.33
8/16/2022,2.33,N/A,2.33,2.33,2.33
8/17/2022,2.33,N/A,2.33,2.33,2.33
8/18/2022,2.33,N/A,2.33,2.33,2.33
8/19/2022,2.33,N/A,2.33,2.33,2.33
8/22/2022,2.33,N/A,2.33,2.33,2.33
8/23/2022,2.33,N/A,2.33,2.33,2.33
8/24/2022,2.33,N/A,2.33,2.33,2.33
8/25/2022,2.33,N/A,2.33,2.33,2.33
8/26/2022,2.33,N/A,2.33,2.33,2.33
8/29/2022,2.33,N/A,2.33,2.33,2.33
8/30/2022,2.33,N/A,2.33,2.33,2.33
8/31/2022,2.33,N/A,2.33,2.33,2.33
9/1/2022,2.33,N/A,2.33,2.33,2.33
9/2/2022,2.33,N/A,2.33,2.33,2.33
9/5/2022,2.33,N/A,2.33,2.33,2.33
9/6/2022,2.33,N/A,2.33,2.33,2.33
9/7/2022,2.33,N/A,2.33,2.33,2.33
9/8/2022,2.33,N/A,2.33,2.33,2.33
9/9/2022,2.33,N/A,2.33,2.33,2.33
9/12/2022,2.33,N/A,2.33,2.33,2.33
9/13/2022,2.33,N/A,2.33,2.33,2.33
9/14/2022,2.33,N/A,2.33,2.33,2.33
9/15/2022,2.33,N/A,2.33,2.33,2.33
9/16/2022,2.33,N/A,2.33,2.33,2.33
9/19/2022,2.33,N/A,2.33,2.33,2.33
9/20/2022,2.33,N/A,2.33,2.33,2.33
9/21/2022,2.33,N/A,2.33,2.33,2.33
9/22/2022,3.08,N/A,3.08,3.08,3.08
9/23/2022,3.08,N/A,3.08,3.08,3.08
9/26/2022,3.08,N/A,3.08,3.08,3.08
9/27/2022,3.08,N/A,3.08,3.08,3.08
9/28/2022,3.08,N/A,3.08,3.08,3.08
9/29/2022,3.08,N/A,3.08,3.08,3.08
9/30/2022,3.08,N/A,3.08,3.08,3.08
10/3/2022,3.08,N/A,3.08,3.08,3.08
10/4/2022,3.08,N/A,3.08,3.08,3.08
10/5/2022,3.08,N/A,3.08,3.08,3.08
10/6/2022,3.08,N/A,3.08,3.08,3.08
10/7/2022,3.08,N/A,3.08,3.08,3.08
10/10/2022,3.08,N/A,3.08,3.08,3.08
10/11/2022,3.08,N/A,3.08,3.08,3.08
10/12/2022,3.08,N/A,3.08,3.08,3.08
10/13/2022,3.08,N/A,3.08,3.08,3.08
10/14/2022,3.08,N/A,3.08,3.08,3.08
10/17/2022,3.08,N/A,3.08,3.08,3.08
10/18/2022,3.08,N/A,3.08,3.08,3.08
10/19/2022,3.08,N/A,3.08,3.08,3.08
10/20/2022,3.08,N/A,3.08,3.08,3.08
10/21/2022,3.08,N/A,3.08,3.08,3.08
10/24/2022,3.08,N/A,3.08,3.08,3.08
10/25/2022,3.08,N/A,3.08,3.08,3.08
10/26/2022,3.08,N/A,3.08,3.08,3.08
10/27/2022,3.08,N/A,3.08,3.08,3.08
10/28/2022,3.08,N/A,3.08,3.08,3.08
10/31/2022,3.08,N/A,3.08,3.08,3.08
11/1/2022,3.08,N/A,3.08,3.08,3.08
11/2/2022,3.08,N/A,3.08,3.08,3.08
11/3/2022,3.83,N/A,3.83,3.83,3.83
11/4/2022,3.83,N/A,3.83,3.83,3.83
11/7/2022,3.83,N/A,3.83,3.83,3.83
11/8/2022,3.83,N/A,3.83,3.83,3.83
11/9/2022,3.83,N/A,3.83,3.83,3.83
11/10/2022,3.83,N/A,3.83,3.83,3.83
11/11/2022,3.83,N/A,3.83,3.83,3.83
11/14/2022,3.83,N/A,3.83,3.83,3.83
11/15/2022,3.83,N/A,3.83,3.83,3.83
11/16/2022,3.83,N/A,3.83,3.83,3.83
11/17/2022,3.83,N/A,3.83,3.83,3.83
11/18/2022,3.83,N/A,3.83,3.83,3.83
11/21/2022,3.83,N/A,3.83,3.83,3.83
11/22/2022,3.83,N/A,3.83,3.83,3.83
11/23/2022,3.83,N/A,3.83,3.83,3.83
11/24/2022,3.83,N/A,3.83,3.83,3.83
11/25/2022,3.83,N/A,3.83,3.83,3.83
11/28/2022,3.83,N/A,3.83,3.83,3.83
11/29/2022,3.83,N/A,3.83,3.83,3.83
11/30/2022,3.83,N/A,3.83,3.83,3.83
12/1/2022,3.83,N/A,3.83,3.83,3.83
12/2/2022,3.83,N/A,3.83,3.83,3.83
12/5/2022,3.83,N/A,3.83,3.83,3.83
12/6/2022,3.83,N/A,3.83,3.83,3.83
12/7/2022,3.83,N/A,3.83,3.83,3.83
12/8/2022,3.83,N/A,3.83,3.83,3.83
12/9/2022,3.83,N/A,3.83,3.83,3.83
12/12/2022,3.83,N/A,3.83,3.83,3.83
12/13/2022,3.83,N/A,3.83,3.83,3.83
12/14/2022,3.83,N/A,3.83,3.83,3.83
12/15/2022,4.33,N/A,4.33,4.33,4.33
12/16/2022,4.33,N/A,4.33,4.33,4.33
12/19/2022,4.33,N/A,4.33,4.33,4.33
12/20/2022,4.33,N/A,4.33,4.33,4.33
12/21/2022,4.33,N/A,4.33,4.33,4.33
12/22/2022,4.33,N/A,4.33,4.33,4.33
12/23/2022,4.33,N/A,4.33,4.33,4.33
12/26/2022,4.33,N/A,4.33,4.33,4.33
12/27/2022,4.33,N/A,4.33,4.33,4.33
12/28/2022,4.33,N/A,4.33,4.33,4.33
12/29/2022,4.33,N/A,4.33,4.33,4.33
12/30/2022,4.33,N/A,4.33,4.33,4.33
1/2/2023,4.33,N/A,4.33,4.33,4.33
1/3/2023,4.33,N/A,4.33,4.33,4.33
1/4/2023,4.33,N/A,4.33,4.33,4.33
1/5/2023,4.33,N/A,4.33,4.33,4.33
1/6/2023,4.33,N/A,4.33,4.33,4.33
1/9/2023,4.33,N/A,4.33,4.33,4.33
1/10/2023,4.33,N/A,4.33,4.33,4.33
1/11/2023,4.33,N/A,4.33,4.33,4.33
1/12/2023,4.33,N/A,4.33,4.33,4.33
1/13/2023,4.33,N/A,4.33,4.33,4.33
1/16/2023,4.33,N/A,4.33,4.33,4.33
1/17/2023,4.33,N/A,4.33,4.33,4.33
1/18/2023,4.33,N/A,4.33,4.33,4.33
1/19/2023,4.33,N/A,4.33,4.33,4.33
1/20/2023,4.33,N/A,4.33,4.33,4.33
1/23/2023,4.33,N/A,4.33,4.33,4.33
1/24/2023,4.33,N/A,4.33,4.33,4.33
1/25/2023,4.33,N/A,4.33,4.33,4.33
1/26/2023,4.33,N/A,4.33,4.33,4.33
1/27/2023,4.33,N/A,4.33,4.33,4.33
1/30/2023,4.33,N/A,4.33,4.33,4.33
1/31/2023,4.33,N/A,4.33,4.33,4.33
2/1/2023,4.33,N/A,4.33,4.33,4.33
2/2/2023,4.58,N/A,4.58,4.58,4.58
2/3/2023,4.58,N/A,4.58,4.58,4.58
2/6/2023,4.58,N/A,4.58,4.58,4.58
2/7/2023,4.58,N/A,4.58,4.58,4.58
2/8/2023,4.58,N/A,4.58,4.58,4.58
2/9/2023,4.57,N/A,4.57,4.57,4.57
2/10/2023,4.58,N/A,4.58,4.58,4.58
2/13/2023,4.58,N/A,4.58,4.58,4.58
2/14/2023,4.58,N/A,4.58,4.58,4.58
2/15/2023,4.58,N/A,4.58,4.58,4.58
2/16/2023,4.58,N/A,4.58,4.58,4.58
2/17/2023,4.58,N/A,4.58,4.58,4.58
2/20/2023,4.58,N/A,4.58,4.58,4.58
2/21/2023,4.58,N/A,4.58,4.58,4.58
2/22/2023,4.58,N/A,4.58,4.58,4.58
2/23/2023,4.58,N/A,4.58,4.58,4.58
2/24/2023,4.58,N/A,4.58,4.58,4.58
2/27/2023,4.57,N/A,4.57,4.57,4.57
2/28/2023,4.57,N/A,4.57,4.57,4.57
3/1/2023,4.58,N/A,4.58,4.58,4.58
3/2/2023,4.57,N/A,4.57,4.57,4.57
3/3/2023,4.57,N/A,4.57,4.57,4.57
3/6/2023,4.57,N/A,4.57,4.57,4.57
3/7/2023,4.57,N/A,4.57,4.57,4.57
3/8/2023,4.57,N/A,4.57,4.57,4.57
3/9/2023,4.57,N/A,4.57,4.57,4.57
3/10/2023,4.57,N/A,4.57,4.57,4.57
3/13/2023,4.58,N/A,4.58,4.58,4.58
3/14/2023,4.58,N/A,4.58,4.58,4.58
3/15/2023,4.58,N/A,4.58,4.58,4.58
3/16/2023,4.58,N/A,4.58,4.58,4.58
3/17/2023,4.58,N/A,4.58,4.58,4.58
3/20/2023,4.58,N/A,4.58,4.58,4.58
3/21/2023,4.58,N/A,4.58,4.58,4.58
3/22/2023,4.58,N/A,4.58,4.58,4.58
3/23/2023,4.83,N/A,4.83,4.83,4.83
3/24/2023,4.83,N/A,4.83,4.83,4.83
3/27/2023,4.83,N/A,4.83,4.83,4.83
3/28/2023,4.83,N/A,4.83,4.83,4.83
3/29/2023,4.83,N/A,4.83,4.83,4.83
3/30/2023,4.83,N/A,4.83,4.83,4.83
3/31/2023,4.83,N/A,4.83,4.83,4.83
4/3/2023,4.83,N/A,4.83,4.83,4.83
4/4/2023,4.83,N/A,4.83,4.83,4.83
4/5/2023,4.83,N/A,4.83,4.83,4.83
4/6/2023,4.83,N/A,4.83,4.83,4.83
4/7/2023,4.83,N/A,4.83,4.83,4.83
4/10/2023,4.83,N/A,4.83,4.83,4.83
4/11/2023,4.83,N/A,4.83,4.83,4.83
4/12/2023,4.83,N/A,4.83,4.83,4.83
4/13/2023,4.83,N/A,4.83,4.83,4.83
4/14/2023,4.83,N/A,4.83,4.83,4.83
4/17/2023,4.83,N/A,4.83,4.83,4.83
4/18/2023,4.83,N/A,4.83,4.83,4.83
4/19/2023,4.83,N/A,4.83,4.83,4.83
4/20/2023,4.83,N/A,4.83,4.83,4.83
4/21/2023,4.83,N/A,4.83,4.83,4.83
4/24/2023,4.83,N/A,4.83,4.83,4.83
4/25/2023,4.83,N/A,4.83,4.83,4.83
4/26/2023,4.83,N/A,4.83,4.83,4.83
4/27/2023,4.83,N/A,4.83,4.83,4.83
4/28/2023,4.83,N/A,4.83,4.83,4.83
5/1/2023,4.83,N/A,4.83,4.83,4.83
5/2/2023,4.83,N/A,4.83,4.83,4.83
5/3/2023,4.83,N/A,4.83,4.83,4.83
5/4/2023,5.08,N/A,5.08,5.08,5.08
5/5/2023,5.08,N/A,5.08,5.08,5.08
5/8/2023,5.08,N/A,5.08,5.08,5.08
5/9/2023,5.08,N/A,5.08,5.08,5.08
5/10/2023,5.08,N/A,5.08,5.08,5.08
5/11/2023,5.08,N/A,5.08,5.08,5.08
5/12/2023,5.08,N/A,5.08,5.08,5.08
5/15/2023,5.08,N/A,5.08,5.08,5.08
5/16/2023,5.08,N/A,5.08,5.08,5.08
5/17/2023,5.08,N/A,5.08,5.08,5.08
5/18/2023,5.08,N/A,5.08,5.08,5.08
5/19/2023,5.08,N/A,5.08,5.08,5.08
5/22/2023,5.08,N/A,5.08,5.08,5.08
5/23/2023,5.08,N/A,5.08,5.08,5.08
5/24/2023,5.08,N/A,5.08,5.08,5.08
5/25/2023,5.08,N/A,5.08,5.08,5.08
5/26/2023,5.08,N/A,5.08,5.08,5.08
5/29/2023,5.08,N/A,5.08,5.08,5.08
5/30/2023,5.08,N/A,5.08,5.08,5.08
5/31/2023,5.08,N/A,5.08,5.08,5.08
6/1/2023,5.08,N/A,5.08,5.08,5.08
6/2/2023,5.08,N/A,5.08,5.08,5.08
6/5/2023,5.08,N/A,5.08,5.08,5.08
6/6/2023,5.08,N/A,5.08,5.08,5.08
6/7/2023,5.08,N/A,5.08,5.08,5.08
6/8/2023,5.08,N/A,5.08,5.08,5.08
6/9/2023,5.08,N/A,5.08,5.08,5.08
6/12/2023,5.08,N/A,5.08,5.08,5.08
6/13/2023,5.08,N/A,5.08,5.08,5.08
6/14/2023,5.08,N/A,5.08,5.08,5.08
6/15/2023,5.07,N/A,5.07,5.07,5.07
6/16/2023,5.07,N/A,5.07,5.07,5.07
6/19/2023,5.08,N/A,5.08,5.08,5.08
6/20/2023,5.07,N/A,5.07,5.07,5.07
6/21/2023,5.07,N/A,5.07,5.07,5.07
6/22/2023,5.07,N/A,5.07,5.07,5.07
6/23/2023,5.07,N/A,5.07,5.07,5.07
6/26/2023,5.07,N/A,5.07,5.07,5.07
6/27/2023,5.07,N/A,5.07,5.07,5.07
6/28/2023,5.07,N/A,5.07,5.07,5.07
6/29/2023,5.07,N/A,5.07,5.07,5.07
6/30/2023,5.07,N/A,5.07,5.07,5.07
7/3/2023,5.07,N/A,5.07,5.07,5.07
7/4/2023,5.08,N/A,5.08,5.08,5.08
7/5/2023,5.08,N/A,5.08,5.08,5.08
7/6/2023,5.08,N/A,5.08,5.08,5.08
7/7/2023,5.08,N/A,5.08,5.08,5.08
7/10/2023,5.07,N/A,5.07,5.07,5.07
7/11/2023,5.08,N/A,5.08,5.08,5.08
7/12/2023,5.08,N/A,5.08,5.08,5.08
7/13/2023,5.08,N/A,5.08,5.08,5.08
7/14/2023,5.08,N/A,5.08,5.08,5.08
7/17/2023,5.08,N/A,5.08,5.08,5.08
7/18/2023,5.08,N/A,5.08,5.08,5.08
7/19/2023,5.08,N/A,5.08,5.08,5.08
7/20/2023,5.08,N/A,5.08,5.08,5.08
7/21/2023,5.08,N/A,5.08,5.08,5.08
7/24/2023,5.08,N/A,5.08,5.08,5.08
7/25/2023,5.08,N/A,5.08,5.08,5.08
7/26/2023,5.08,N/A,5.08,5.08,5.08
7/27/2023,5.33,N/A,5.33,5.33,5.33
7/28/2023,5.33,N/A,5.33,5.33,5.33
7/31/2023,5.33,N/A,5.33,5.33,5.33
8/1/2023,5.33,N/A,5.33,5.33,5.33
8/2/2023,5.33,N/A,5.33,5.33,5.33
8/3/2023,5.33,N/A,5.33,5.33,5.33
8/4/2023,5.33,N/A,5.33,5.33,5.33
8/7/2023,5.33,N/A,5.33,5.33,5.33
8/8/2023,5.33,N/A,5.33,5.33,5.33
8/9/2023,5.33,N/A,5.33,5.33,5.33
8/10/2023,5.33,N/A,5.33,5.33,5.33
8/11/2023,5.33,N/A,5.33,5.33,5.33
8/14/2023,5.33,N/A,5.33,5.33,5.33
8/15/2023,5.33,N/A,5.33,5.33,5.33
8/16/2023,5.33,N/A,5.33,5.33,5.33
8/17/2023,5.33,N/A,5.33,5.33,5.33
8/18/2023,5.33,N/A,5.33,5.33,5.33
8/21/2023,5.33,N/A,5.33,5.33,5.33
8/22/2023,5.33,N/A,5.33,5.33,5.33
8/23/2023,5.33,N/A,5.33,5.33,5.33
8/24/2023,5.33,N/A,5.33,5.33,5.33
8/25/2023,5.33,N/A,5.33,5.33,5.33
8/28/2023,5.33,N/A,5.33,5.33,5.33
8/29/2023,5.33,N/A,5.33,5.33,5.33
8/30/2023,5.33,N/A,5.33,5.33,5.33
8/31/2023,5.33,N/A,5.33,5.33,5.33
9/1/2023,5.33,N/A,5.33,5.33,5.33
9/4/2023,5.33,N/A,5.33,5.33,5.33
9/5/2023,5.33,N/A,5.33,5.33,5.33
9/6/2023,5.33,N/A,5.33,5.33,5.33
9/7/2023,5.33,N/A,5.33,5.33,5.33
9/8/2023,5.33,N/A,5.33,5.33,5.33
9/11/2023,5.33,N/A,5.33,5.33,5.33
9/12/2023,5.33,N/A,5.33,5.33,5.33
9/13/2023,5.33,N/A,5.33,5.33,5.33
9/14/2023,5.33,N/A,5.33,5.33,5.33
9/15/2023,5.33,N/A,5.33,5.33,5.33
9/18/2023,5.33,N/A,5.33,5.33,5.33
9/19/2023,5.33,N/A,5.33,5.33,5.33
9/20/2023,5.33,N/A,5.33,5.33,5.33
9/21/2023,5.33,N/A,5.33,5.33,5.33
9/22/2023,5.33,N/A,5.33,5.33,5.33
9/25/2023,5.33,N/A,5.33,5.33,5.33
9/26/2023,5.33,N/A,5.33,5.33,5.33
9/27/2023,5.33,N/A,5.33,5.33,5.33
9/28/2023,5.33,N/A,5.33,5.33,5.33
9/29/2023,5.33,N/A,5.33,5.33,5.33
10/2/2023,5.33,N/A,5.33,5.33,5.33
10/3/2023,5.33,N/A,5.33,5.33,5.33
10/4/2023,5.33,N/A,5.33,5.33,5.33
10/5/2023,5.33,N/A,5.33,5.33,5.33
10/6/2023,5.33,N/A,5.33,5.33,5.33
10/9/2023,5.33,N/A,5.33,5.33,5.33
10/10/2023,5.33,N/A,5.33,5.33,5.33
10/11/2023,5.33,N/A,5.33,5.33,5.33
10/12/2023,5.33,N/A,5.33,5.33,5.33
10/13/2023,5.33,N/A,5.33,5.33,5.33
10/16/2023,5.33,N/A,5.33,5.33,5.33
10/17/2023,5.33,N/A,5.33,5.33,5.33
10/18/2023,5.33,N/A,5.33,5.33,5.33
10/19/2023,5.33,N/A,5.33,5.33,5.33
10/20/2023,5.33,N/A,5.33,5.33,5.33
10/23/2023,5.33,N/A,5.33,5.33,5.33
10/24/2023,5.33,N/A,5.33,5.33,5.33
10/25/2023,5.33,N/A,5.33,5.33,5.33
10/26/2023,5.33,N/A,5.33,5.33,5.33
10/27/2023,5.33,N/A,5.33,5.33,5.33
10/30/2023,5.33,N/A,5.33,5.33,5.33
10/31/2023,5.33,N/A,5.33,5.33,5.33
11/1/2023,5.33,N/A,5.33,5.33,5.33
11/2/2023,5.33,N/A,5.33,5.33,5.33
11/3/2023,5.33,N/A,5.33,5.33,5.33
11/6/2023,5.33,N/A,5.33,5.33,5.33
11/7/2023,5.33,N/A,5.33,5.33,5.33
11/8/2023,5.33,N/A,5.33,5.33,5.33
11/9/2023,5.33,N/A,5.33,5.33,5.33
11/10/2023,5.33,N/A,5.33,5.33,5.33
11/13/2023,5.33,N/A,5.33,5.33,5.33
11/14/2023,5.33,N/A,5.33,5.33,5.33
11/15/2023,5.33,N/A,5.33,5.33,5.33
11/16/2023,5.33,N/A,5.33,5.33,5.33
11/17/2023,5.33,N/A,5.33,5.33,5.33
11/20/2023,5.33,N/A,5.33,5.33,5.33
11/21/2023,5.33,N/A,5.33,5.33,5.33
11/22/2023,5.33,N/A,5.33,5.33,5.33
11/23/2023,5.33,N/A,5.33,5.33,5.33
11/24/2023,5.33,N/A,5.33,5.33,5.33
11/27/2023,5.33,N/A,5.33,5.33,5.33
11/28/2023,5.33,N/A,5.33,5.33,5.33
11/29/2023,5.33,N/A,5.33,5.33,5.33
11/30/2023,5.33,N/A,5.33,5.33,5.33
12/1/2023,5.33,N/A,5.33,5.33,5.33
12/4/2023,5.33,N/A,5.33,5.33,5.33
12/5/2023,5.33,N/A,5.33,5.33,5.33
12/6/2023,5.33,N/A,5.33,5.33,5.33
12/7/2023,5.33,N/A,5.33,5.33,5.33
12/8/2023,5.33,N/A,5.33,5.33,5.33
12/11/2023,5.33,N/A,5.33,5.33,5.33
12/12/2023,5.33,N/A,5.33,5.33,5.33
12/13/2023,5.33,N/A,5.33,5.33,5.33
12/14/2023,5.33,N/A,5.33,5.33,5.33
12/15/2023,5.33,N/A,5.33,5.33,5.33
12/18/2023,5.33,N/A,5.33,5.33,5.33
12/19/2023,5.33,N/A,5.33,5.33,5.33
12/20/2023,5.33,N/A,5.33,5.33,5.33
12/21/2023,5.33,N/A,5.33,5.33,5.33
12/22/2023,5.33,N/A,5.33,5.33,5.33
12/25/2023,5.33,N/A,5.33,5.33,5.33
12/26/2023,5.33,N/A,5.33,5.33,5.33
12/27/2023,5.33,N/A,5.33,5.33,5.33
12/28/2023,5.33,N/A,5.33,5.33,5.33
12/29/2023,5.33,N/A,5.33,5.33,5.33
1/1/2024,5.33,N/A,5.33,5.33,5.33
1/2/2024,5.33,N/A,5.33,5.33,5.33
1/3/2024,5.33,N/A,5.33,5.33,5.33
1/4/2024,5.33,N/A,5.33,5.33,5.33
1/5/2024,5.33,N/A,5.33,5.33,5.33
1/8/2024,5.33,N/A,5.33,5.33,5.33
1/9/2024,5.33,N/A,5.33,5.33,5.33
1/10/2024,5.33,N/A,5.33,5.33,5.33
1/11/2024,5.33,N/A,5.33,5.33,5.33
1/12/2024,5.33,N/A,5.33,5.33,5.33
1/15/2024,5.33,N/A,5.33,5.33,5.33
1/16/2024,5.33,N/A,5.33,5.33,5.33
1/17/2024,5.33,N/A,5.33,5.33,5.33
1/18/2024,5.33,N/A,5.33,5.33,5.33
1/19/2024,5.33,N/A,5.33,5.33,5.33
1/22/2024,5.33,N/A,5.33,5.33,5.33
1/23/2024,5.33,N/A,5.33,5.33,5.33
1/24/2024,5.33,N/A,5.33,5.33,5.33
1/25/2024,5.33,N/A,5.33,5.33,5.33
1/26/2024,5.33,N/A,5.33,5.33,5.33
1/29/2024,5.33,N/A,5.33,5.33,5.33
1/30/2024,5.33,N/A,5.33,5.33,5.33
1/31/2024,5.33,N/A,5.33,5.33,5.33
2/1/2024,5.33,N/A,5.33,5.33,5.33
2/2/2024,5.33,N/A,5.33,5.33,5.33
2/5/2024,5.33,N/A,5.33,5.33,5.33
2/6/2024,5.33,N/A,5.33,5.33,5.33
2/7/2024,5.33,N/A,5.33,5.33,5.33
2/8/2024,5.33,N/A,5.33,5.33,5.33
2/9/2024,5.33,N/A,5.33,5.33,5.33
2/12/2024,5.33,N/A,5.33,5.33,5.33
2/13/2024,5.33,N/A,5.33,5.33,5.33
2/14/2024,5.33,N/A,5.33,5.33,5.33
2/15/2024,5.33,N/A,5.33,5.33,5.33
2/16/2024,5.33,N/A,5.33,5.33,5.33
2/19/2024,5.33,N/A,5.33,5.33,5.33
2/20/2024,5.33,N/A,5.33,5.33,5.33
2/21/2024,5.33,N/A,5.33,5.33,5.33
2/22/2024,5.33,N/A,5.33,5.33,5.33
2/23/2024,5.33,N/A,5.33,5.33,5.33
2/26/2024,5.33,N/A,5.33,5.33,5.33
2/27/2024,5.33,N/A,5.33,5.33,5.33
2/28/2024,5.33,N/A,5.33,5.33,5.33
2/29/2024,5.33,N/A,5.33,5.33,5.33
3/1/2024,5.33,N/A,5.33,5.33,5.33
3/4/2024,5.33,N/A,5.33,5.33,5.33
3/5/2024,5.33,N/A,5.33,5.33,5.33
3/6/2024,5.33,N/A,5.33,5.33,5.33
3/7/2024,5.33,N/A,5.33,5.33,5.33
3/8/2024,5.33,N/A,5.33,5.33,5.33
3/11/2024,5.33,N/A,5.33,5.33,5.33
3/12/2024,5.33,N/A,5.33,5.33,5.33
3/13/2024,5.33,N/A,5.33,5.33,5.33
3/14/2024,5.33,N/A,5.33,5.33,5.33
3/15/2024,5.33,N/A,5.33,5.33,5.33
3/18/2024,5.33,N/A,5.33,5.33,5.33
3/19/2024,5.33,N/A,5.33,5.33,5.33
3/20/2024,5.33,N/A,5.33,5.33,5.33
3/21/2024,5.33,N/A,5.33,5.33,5.33
3/22/2024,5.33,N/A,5.33,5.33,5.33
3/25/2024,5.33,N/A,5.33,5.33,5.33
3/26/2024,5.33,N/A,5.33,5.33,5.33
3/27/2024,5.33,N/A,5.33,5.33,5.33
3/28/2024,5.33,N/A,5.33,5.33,5.33
3/29/2024,5.33,N/A,5.33,5.33,5.33
4/1/2024,5.33,N/A,5.33,5.33,5.33
4/2/2024,5.33,N/A,5.33,5.33,5.33
4/3/2024,5.33,N/A,5.33,5.33,5.33
4/4/2024,5.33,N/A,5.33,5.33,5.33
4/5/2024,5.33,N/A,5.33,5.33,5.33
4/8/2024,5.33,N/A,5.33,5.33,5.33
4/9/2024,5.33,N/A,5.33,5.33,5.33
4/10/2024,5.33,N/A,5.33,5.33,5.33
4/11/2024,5.33,N/A,5.33,5.33,5.33
4/12/2024,5.33,N/A,5.33,5.33,5.33
4/15/2024,5.33,N/A,5.33,5.33,5.33
4/16/2024,5.33,N/A,5.33,5.33,5.33
4/17/2024,5.33,N/A,5.33,5.33,5.33
4/18/2024,5.33,N/A,5.33,5.33,5.33
4/19/2024,5.33,N/A,5.33,5.33,5.33
4/22/2024,5.33,N/A,5.33,5.33,5.33
4/23/2024,5.33,N/A,5.33,5.33,5.33
4/24/2024,5.33,N/A,5.33,5.33,5.33
4/25/2024,5.33,N/A,5.33,5.33,5.33
4/26/2024,5.33,N/A,5.33,5.33,5.33
4/29/2024,5.33,N/A,5.33,5.33,5.33
4/30/2024,5.33,N/A,5.33,5.33,5.33
5/1/2024,5.33,N/A,5.33,5.33,5.33
5/2/2024,5.33,N/A,5.33,5.33,5.33
5/3/2024,5.33,N/A,5.33,5.33,5.33
5/6/2024,5.33,N/A,5.33,5.33,5.33
5/7/2024,5.33,N/A,5.33,5.33,5.33
5/8/2024,5.33,N/A,5.33,5.33,5.33
5/9/2024,5.33,N/A,5.33,5.33,5.33
5/10/2024,5.33,N/A,5.33,5.33,5.33
5/13/2024,5.33,N/A,5.33,5.33,5.33
5/14/2024,5.33,N/A,5.33,5.33,5.33
5/15/2024,5.33,N/A,5.33,5.33,5.33
5/16/2024,5.33,N/A,5.33,5.33,5.33
5/17/2024,5.33,N/A,5.33,5.33,5.33
5/20/2024,5.33,N/A,5.33,5.33,5.33
5/21/2024,5.33,N/A,5.33,5.33,5.33
5/22/2024,5.33,N/A,5.33,5.33,5.33
5/23/2024,5.33,N/A,5.33,5.33,5.33
5/24/2024,5.33,N/A,5.33,5.33,5.33
5/27/2024,5.33,N/A,5.33,5.33,5.33
5/28/2024,5.33,N/A,5.33,5.33,5.33
5/29/2024,5.33,N/A,5.33,5.33,5.33
5/30/2024,5.33,N/A,5.33,5.33,5.33
5/31/2024,5.33,N/A,5.33,5.33,5.33
6/3/2024,5.33,N/A,5.33,5.33,5.33
6/4/2024,5.33,N/A,5.33,5.33,5.33
6/5/2024,5.33,N/A,5.33,5.33,5.33
6/6/2024,5.33,N/A,5.33,5.33,5.33
6/7/2024,5.33,N/A,5.33,5.33,5.33
6/10/2024,5.33,N/A,5.33,5.33,5.33
6/11/2024,5.33,N/A,5.33,5.33,5.33
6/12/2024,5.33,N/A,5.33,5.33,5.33
6/13/2024,5.33,N/A,5.33,5.33,5.33
6/14/2024,5.33,N/A,5.33,5.33,5.33
6/17/2024,5.33,N/A,5.33,5.33,5.33
6/18/2024,5.33,N/A,5.33,5.33,5.33
6/19/2024,5.33,N/A,5.33,5.33,5.33
6/20/2024,5.33,N/A,5.33,5.33,5.33
6/21/2024,5.33,N/A,5.33,5.33,5.33
6/24/2024,5.33,N/A,5.33,5.33,5.33
6/25/2024,5.33,N/A,5.33,5.33,5.33
6/26/2024,5.33,N/A,5.33,5.33,5.33
6/27/2024,5.33,N/A,5.33,5.33,5.33
6/28/2024,5.33,N/A,5.33,5.33,5.33
7/1/2024,5.33,N/A,5.33,5.33,5.33
7/2/2024,5.33,N/A,5.33,5.33,5.33
7/3/2024,5.33,N/A,5.33,5.33,5.33
7/4/2024,5.33,N/A,5.33,5.33,5.33
7/5/2024,5.33,N/A,5.33,5.33,5.33
7/8/2024,5.33,N/A,5.33,5.33,5.33
7/9/2024,5.33,N/A,5.33,5.33,5.33
7/10/2024,5.33,N/A,5.33,5.33,5.33
7/11/2024,5.33,N/A,5.33,5.33,5.33
7/12/2024,5.33,N/A,5.33,5.33,5.33
7/15/2024,5.33,N/A,5.33,5.33,5.33
7/16/2024,5.33,N/A,5.33,5.33,5.33
7/17/2024,5.33,N/A,5.33,5.33,5.33
7/18/2024,5.33,N/A,5.33,5.33,5.33
7/19/2024,5.33,N/A,5.33,5.33,5.33
7/22/2024,5.33,N/A,5.33,5.33,5.33
7/23/2024,5.33,N/A,5.33,5.33,5.33
7/24/2024,5.33,N/A,5.33,5.33,5.33
7/25/2024,5.33,N/A,5.33,5.33,5.33
7/26/2024,5.33,N/A,5.33,5.33,5.33
7/29/2024,5.33,N/A,5.33,5.33,5.33
7/30/2024,5.33,N/A,5.33,5.33,5.33
7/31/2024,5.33,N/A,5.33,5.33,5.33
8/1/2024,5.33,N/A,5.33,5.33,5.33
8/2/2024,5.33,N/A,5.33,5.33,5.33
8/5/2024,5.33,N/A,5.33,5.33,5.33
8/6/2024,5.33,N/A,5.33,5.33,5.33
8/7/2024,5.33,N/A,5.33,5.33,5.33
8/8/2024,5.33,N/A,5.33,5.33,5.33
8/9/2024,5.33,N/A,5.33,5.33,5.33
8/12/2024,5.33,N/A,5.33,5.33,5.33
8/13/2024,5.33,N/A,5.33,5.33,5.33
8/14/2024,5.33,N/A,5.33,5.33,5.33
8/15/2024,5.33,N/A,5.33,5.33,5.33
8/16/2024,5.33,N/A,5.33,5.33,5.33
8/19/2024,5.33,N/A,5.33,5.33,5.33
8/20/2024,5.33,N/A,5.33,5.33,5.33
8/21/2024,5.33,N/A,5.33,5.33,5.33
8/22/2024,5.33,N/A,5.33,5.33,5.33
8/23/2024,5.33,N/A,5.33,5.33,5.33
8/26/2024,5.33,N/A,5.33,5.33,5.33
8/27/2024,5.33,N/A,5.33,5.33,5.33
8/28/2024,5.33,N/A,5.33,5.33,5.33
8/29/2024,5.33,N/A,5.33,5.33,5.33
8/30/2024,5.33,N/A,5.33,5.33,5.33
9/2/2024,5.33,N/A,5.33,5.33,5.33
9/3/2024,5.33,N/A,5.33,5.33,5.33
9/4/2024,5.33,N/A,5.33,5.33,5.33
9/5/2024,5.33,N/A,5.33,5.33,5.33
9/6/2024,5.33,N/A,5.33,5.33,5.33
9/9/2024,5.33,N/A,5.33,5.33,5.33
9/10/2024,5.33,N/A,5.33,5.33,5.33
9/11/2024,5.33,N/A,5.33,5.33,5.33
9/12/2024,5.33,N/A,5.33,5.33,5.33
9/13/2024,5.33,N/A,5.33,5.33,5.33
9/16/2024,5.33,N/A,5.33,5.33,5.33
9/17/2024,5.33,N/A,5.33,5.33,5.33
9/18/2024,5.33,N/A,5.33,5.33,5.33
9/19/2024,4.83,N/A,4.83,4.83,4.83
9/20/2024,4.83,N/A,4.83,4.83,4.83
9/23/2024,4.83,N/A,4.83,4.83,4.83
9/24/2024,4.83,N/A,4.83,4.83,4.83
9/25/2024,4.83,N/A,4.83,4.83,4.83
9/26/2024,4.83,N/A,4.83,4.83,4.83
9/27/2024,4.83,N/A,4.83,4.83,4.83
9/30/2024,4.83,N/A,4.83,4.83,4.83
10/1/2024,4.83,N/A,4.83,4.83,4.83
10/2/2024,4.83,N/A,4.83,4.83,4.83
10/3/2024,4.83,N/A,4.83,4.83,4.83
10/4/2024,4.83,N/A,4.83,4.83,4.83
10/7/2024,4.83,N/A,4.83,4.83,4.83
10/8/2024,4.83,N/A,4.83,4.83,4.83
10/9/2024,4.83,N/A,4.83,4.83,4.83
