Date,Price,Open,High,Low,Vol.,Change %
1/3/2022,"15,832.80","15,732.50","15,832.80","15,644.09",871.65M,1.20%
1/4/2022,"15,622.72","15,852.14","15,852.14","15,512.41",970.70M,-1.33%
1/5/2022,"15,100.17","15,547.16","15,586.30","15,095.18",1.01B,-3.34%
1/6/2022,"15,080.86","15,024.15","15,198.45","14,914.87",951.12M,-0.13%
1/7/2022,"14,935.90","15,095.72","15,171.02","14,877.63",852.53M,-0.96%
1/10/2022,"14,942.83","14,751.78","14,953.85","14,530.23",1.09B,0.05%
1/11/2022,"15,153.45","14,919.26","15,158.71","14,837.64",863.02M,1.41%
1/12/2022,"15,188.39","15,263.10","15,319.03","15,117.29",840.02M,0.23%
1/13/2022,"14,806.81","15,245.04","15,259.71","14,782.24",852.15M,-2.51%
1/14/2022,"14,893.75","14,708.02","14,897.67","14,689.43",872.56M,0.59%
1/18/2022,"14,506.90","14,681.83","14,740.54","14,482.94",1.06B,-2.60%
1/19/2022,"14,340.25","14,582.22","14,658.89","14,331.65",935.06M,-1.15%
1/20/2022,"14,154.02","14,462.85","14,642.03","14,140.78",1.02B,-1.30%
1/21/2022,"13,768.92","14,046.22","14,171.72","13,764.24",1.32B,-2.72%
1/24/2022,"13,855.13","13,481.50","13,876.61","13,094.65",1.55B,0.63%
1/25/2022,"13,539.30","13,610.87","13,781.62","13,414.14",1.04B,-2.28%
1/26/2022,"13,542.12","13,871.77","14,002.65","13,392.19",1.18B,0.02%
1/27/2022,"13,352.78","13,710.99","13,765.91","13,322.66",1.07B,-1.40%
1/28/2022,"13,770.57","13,436.71","13,771.91","13,236.56",1.06B,3.13%
1/31/2022,"14,239.88","13,812.19","14,242.90","13,767.71",1.24B,3.41%
2/1/2022,"14,346.00","14,277.43","14,358.69","14,070.77",962.00M,0.75%
2/2/2022,"14,417.55","14,494.47","14,504.82","14,264.65",1.00B,0.50%
2/3/2022,"13,878.82","14,045.83","14,207.89","13,851.75",945.51M,-3.74%
2/4/2022,"14,098.01","13,958.48","14,222.76","13,850.39",862.97M,1.58%
2/7/2022,"14,015.67","14,118.79","14,236.31","13,974.10",858.02M,-0.58%
2/8/2022,"14,194.45","13,984.43","14,226.48","13,934.78",865.50M,1.28%
2/9/2022,"14,490.37","14,368.16","14,490.72","14,330.87",935.01M,2.08%
2/10/2022,"14,185.64","14,228.68","14,509.56","14,118.20",1.06B,-2.10%
2/11/2022,"13,791.15","14,213.62","14,246.70","13,733.16",1.08B,-2.78%
2/14/2022,"13,790.92","13,768.97","13,921.71","13,664.76",936.80M,0.00%
2/15/2022,"14,139.76","13,997.18","14,142.49","13,976.29",903.09M,2.53%
2/16/2022,"14,124.09","14,038.92","14,163.73","13,931.99",838.99M,-0.11%
2/17/2022,"13,716.72","14,004.19","14,020.82","13,704.70",922.82M,-2.88%
2/18/2022,"13,548.07","13,735.40","13,762.40","13,465.56",1.02B,-1.23%
2/22/2022,"13,381.52","13,424.36","13,618.72","13,249.65",1.02B,-1.23%
2/23/2022,"13,037.49","13,511.75","13,533.78","13,032.17",944.40M,-2.57%
2/24/2022,"13,473.58","12,587.88","13,486.11","12,587.88",1.38B,3.34%
2/25/2022,"13,694.62","13,485.26","13,696.86","13,358.29",978.45M,1.64%
2/28/2022,"13,751.40","13,570.83","13,810.64","13,549.90",1.39B,0.41%
3/1/2022,"13,532.46","13,716.70","13,777.04","13,441.32",1.24B,-1.59%
3/2/2022,"13,752.02","13,597.53","13,796.55","13,493.91",1.03B,1.62%
3/3/2022,"13,537.94","13,837.59","13,837.59","13,472.64",1.03B,-1.56%
3/4/2022,"13,313.44","13,455.23","13,486.71","13,224.98",1.04B,-1.66%
3/7/2022,"12,830.96","13,328.36","13,353.28","12,828.02",1.29B,-3.62%
3/8/2022,"12,795.55","12,800.04","13,159.44","12,670.08",1.34B,-0.28%
3/9/2022,"13,255.55","13,113.70","13,301.16","13,039.79",1.12B,3.59%
3/10/2022,"13,129.96","13,098.35","13,163.50","12,946.28",961.59M,-0.95%
3/11/2022,"12,843.81","13,229.77","13,239.35","12,830.37",1.02B,-2.18%
3/14/2022,"12,581.22","12,795.12","12,918.01","12,555.35",1.21B,-2.04%
3/15/2022,"12,948.62","12,685.23","12,973.88","12,616.59",1.13B,2.92%
3/16/2022,"13,436.55","13,119.36","13,440.12","12,992.20",1.41B,3.77%
3/17/2022,"13,614.78","13,360.72","13,620.80","13,317.14",1.14B,1.33%
3/18/2022,"13,893.84","13,564.63","13,899.28","13,528.06",2.85B,2.05%
3/21/2022,"13,838.46","13,860.39","13,945.81","13,682.55",1.14B,-0.40%
3/22/2022,"14,108.82","13,866.43","14,141.07","13,857.29",1.10B,1.95%
3/23/2022,"13,922.60","13,990.35","14,152.14","13,921.65",961.73M,-1.32%
3/24/2022,"14,191.84","14,001.32","14,193.55","13,897.20",916.74M,1.93%
3/25/2022,"14,169.30","14,194.72","14,218.76","14,010.79",941.78M,-0.16%
3/28/2022,"14,354.90","14,177.21","14,356.00","14,101.34",892.94M,1.31%
3/29/2022,"14,619.64","14,500.39","14,646.90","14,419.40",1.09B,1.84%
3/30/2022,"14,442.27","14,558.59","14,609.25","14,383.45",1.01B,-1.21%
3/31/2022,"14,220.52","14,444.78","14,456.74","14,217.73",1.10B,-1.54%
4/1/2022,"14,261.50","14,269.53","14,306.94","14,131.81",1.02B,0.29%
4/4/2022,"14,532.55","14,304.35","14,534.38","14,286.45",915.41M,1.90%
4/5/2022,"14,204.17","14,490.26","14,500.29","14,169.12",930.40M,-2.26%
4/6/2022,"13,888.82","14,002.58","14,032.84","13,788.90",1.09B,-2.22%
4/7/2022,"13,897.30","13,861.49","13,978.25","13,689.23",931.35M,0.06%
4/8/2022,"13,711.00","13,830.47","13,866.06","13,693.69",858.45M,-1.34%
4/11/2022,"13,411.96","13,547.29","13,585.08","13,401.39",991.30M,-2.18%
4/12/2022,"13,371.57","13,584.69","13,685.95","13,317.74",902.42M,-0.30%
4/13/2022,"13,643.59","13,373.12","13,679.43","13,353.66",910.79M,2.03%
4/14/2022,"13,351.08","13,647.42","13,662.93","13,345.22",927.38M,-2.14%
4/18/2022,"13,332.36","13,319.39","13,414.27","13,222.03",832.41M,-0.14%
4/19/2022,"13,619.66","13,312.44","13,643.97","13,281.22",855.29M,2.15%
4/20/2022,"13,453.07","13,665.38","13,678.55","13,426.12",871.26M,-1.22%
4/21/2022,"13,174.65","13,623.70","13,710.69","13,140.83",993.83M,-2.07%
4/22/2022,"12,839.29","13,168.80","13,212.60","12,828.02",950.70M,-2.55%
4/25/2022,"13,004.85","12,749.17","13,011.45","12,722.59",988.04M,1.29%
4/26/2022,"12,490.74","12,918.04","12,918.04","12,490.74",1.02B,-3.95%
4/27/2022,"12,488.93","12,500.88","12,703.79","12,430.90",942.84M,-0.01%
4/28/2022,"12,871.53","12,712.86","12,948.52","12,487.86",1.01B,3.06%
4/29/2022,"12,334.64","12,710.42","12,861.83","12,315.74",1.09B,-4.17%
5/2/2022,"12,536.02","12,331.69","12,542.54","12,202.41",1.04B,1.63%
5/3/2022,"12,563.76","12,511.46","12,645.83","12,460.99",897.83M,0.22%
5/4/2022,"12,964.86","12,574.73","12,985.01","12,367.02",1.11B,3.19%
5/5/2022,"12,317.69","12,787.52","12,787.52","12,183.56",1.10B,-4.99%
5/6/2022,"12,144.66","12,246.83","12,358.42","11,990.15",1.09B,-1.40%
5/9/2022,"11,623.25","11,923.03","11,990.61","11,574.94",1.24B,-4.29%
5/10/2022,"11,737.67","11,900.34","11,944.94","11,566.28",1.28B,0.98%
5/11/2022,"11,364.24","11,645.57","11,844.50","11,339.18",1.27B,-3.18%
5/12/2022,"11,370.96","11,199.25","11,547.33","11,108.76",1.40B,0.06%
5/13/2022,"11,805.00","11,555.98","11,856.71","11,510.25",1.23B,3.82%
5/16/2022,"11,662.79","11,727.14","11,804.59","11,627.53",978.06M,-1.20%
5/17/2022,"11,984.52","11,905.57","11,988.43","11,754.28",1.02B,2.76%
5/18/2022,"11,418.15","11,790.68","11,826.22","11,381.69",1.03B,-4.73%
5/19/2022,"11,388.50","11,364.40","11,562.82","11,313.31",1.05B,-0.26%
5/20/2022,"11,354.62","11,542.67","11,552.21","11,035.69",1.20B,-0.30%
5/23/2022,"11,535.27","11,396.28","11,552.07","11,304.56",889.21M,1.59%
5/24/2022,"11,264.45","11,326.44","11,351.61","11,092.48",924.23M,-2.35%
5/25/2022,"11,434.74","11,225.03","11,511.90","11,211.85",907.18M,1.51%
5/26/2022,"11,740.65","11,409.84","11,796.97","11,406.16",930.42M,2.68%
5/27/2022,"12,131.13","11,869.69","12,131.66","11,856.82",942.22M,3.33%
5/31/2022,"12,081.39","12,137.54","12,190.08","11,942.50",1.77B,-0.41%
6/1/2022,"11,994.46","12,176.89","12,237.93","11,901.43",940.60M,-0.72%
6/2/2022,"12,316.90","11,945.57","12,320.12","11,901.45",916.66M,2.69%
6/3/2022,"12,012.73","12,097.12","12,167.44","11,966.62",837.59M,-2.47%
6/6/2022,"12,061.37","12,200.33","12,245.40","12,004.20",911.01M,0.40%
6/7/2022,"12,175.23","11,925.81","12,194.86","11,888.61",900.55M,0.94%
6/8/2022,"12,086.27","12,147.28","12,235.78","12,052.70",911.77M,-0.73%
6/9/2022,"11,754.23","12,016.47","12,115.07","11,751.98",998.87M,-2.75%
6/10/2022,"11,340.02","11,543.88","11,569.15","11,328.27",1.06B,-3.52%
6/13/2022,"10,809.23","10,986.84","11,071.48","10,775.14",1.21B,-4.68%
6/14/2022,"10,828.34","10,897.43","10,926.81","10,733.04",953.68M,0.18%
6/15/2022,"11,099.16","10,968.40","11,244.26","10,866.39",1.22B,2.50%
6/16/2022,"10,646.10","10,806.02","10,831.07","10,565.14",1.25B,-4.08%
6/17/2022,"10,798.35","10,697.55","10,884.71","10,638.72",2.80B,1.43%
6/21/2022,"11,069.30","10,974.05","11,164.99","10,974.05",1.19B,2.51%
6/22/2022,"11,053.08","10,941.95","11,216.77","10,938.06",1.11B,-0.15%
6/23/2022,"11,232.19","11,137.68","11,260.27","11,046.28",1.03B,1.62%
6/24/2022,"11,607.62","11,351.31","11,613.23","11,337.78",4.31B,3.34%
6/27/2022,"11,524.55","11,661.02","11,677.49","11,487.07",991.61M,-0.72%
6/28/2022,"11,181.54","11,542.24","11,635.85","11,177.68",1.02B,-2.98%
6/29/2022,"11,177.89","11,160.22","11,226.33","11,072.19",1.02B,-0.03%
6/30/2022,"11,028.74","11,048.25","11,160.92","10,850.01",1.16B,-1.33%
7/1/2022,"11,127.84","11,006.83","11,132.55","10,922.71",930.71M,0.90%
7/5/2022,"11,322.24","10,964.18","11,323.90","10,911.45",1.07B,1.75%
7/6/2022,"11,361.85","11,337.90","11,443.15","11,250.32",933.39M,0.35%
7/7/2022,"11,621.35","11,422.60","11,644.47","11,412.88",916.26M,2.28%
7/8/2022,"11,635.31","11,503.61","11,689.70","11,479.77",820.69M,0.12%
7/11/2022,"11,372.60","11,524.49","11,541.10","11,348.06",844.13M,-2.26%
7/12/2022,"11,264.73","11,420.89","11,483.17","11,207.08",836.73M,-0.95%
7/13/2022,"11,247.58","11,056.55","11,325.67","11,031.27",812.60M,-0.15%
7/14/2022,"11,251.18","11,151.21","11,279.97","11,005.93",817.49M,0.03%
7/15/2022,"11,452.42","11,379.36","11,454.69","11,295.33",947.43M,1.79%
7/18/2022,"11,360.05","11,561.64","11,629.03","11,322.84",922.80M,-0.81%
7/19/2022,"11,713.15","11,515.00","11,721.22","11,448.97",974.15M,3.11%
7/20/2022,"11,897.65","11,726.09","11,939.96","11,703.36",1.01B,1.58%
7/21/2022,"12,059.61","11,914.15","12,060.59","11,812.72",840.81M,1.36%
7/22/2022,"11,834.11","12,025.37","12,093.02","11,767.19",884.72M,-1.87%
7/25/2022,"11,782.67","11,837.96","11,855.11","11,707.53",783.12M,-0.43%
7/26/2022,"11,562.58","11,701.53","11,711.31","11,533.37",834.49M,-1.87%
7/27/2022,"12,032.42","11,756.19","12,081.73","11,718.38",939.31M,4.06%
7/28/2022,"12,162.59","12,036.48","12,179.09","11,886.67",958.80M,1.08%
7/29/2022,"12,390.69","12,239.69","12,426.26","12,181.13",1.10B,1.88%
8/1/2022,"12,368.98","12,317.96","12,499.72","12,271.98",891.53M,-0.18%
8/2/2022,"12,348.76","12,287.67","12,503.34","12,260.48",902.82M,-0.16%
8/3/2022,"12,668.16","12,433.87","12,699.64","12,425.21",1.10B,2.59%
8/4/2022,"12,720.58","12,675.04","12,736.19","12,600.78",1.05B,0.41%
8/5/2022,"12,657.55","12,538.80","12,720.44","12,525.77",991.77M,-0.50%
8/8/2022,"12,644.46","12,703.72","12,855.16","12,597.75",1.00B,-0.10%
8/9/2022,"12,493.93","12,557.49","12,582.91","12,438.86",1.02B,-1.19%
8/10/2022,"12,854.80","12,793.44","12,861.44","12,698.61",1.05B,2.89%
8/11/2022,"12,779.91","12,944.82","13,026.24","12,760.09",1.08B,-0.58%
8/12/2022,"13,047.19","12,866.31","13,047.19","12,821.22",936.39M,2.09%
8/15/2022,"13,128.05","12,996.63","13,146.06","12,993.78",862.20M,0.62%
8/16/2022,"13,102.55","13,082.64","13,181.09","12,979.24",952.79M,-0.19%
8/17/2022,"12,938.12","12,968.63","13,053.51","12,863.01",977.81M,-1.25%
8/18/2022,"12,965.34","12,937.79","13,002.66","12,873.49",865.17M,0.21%
8/19/2022,"12,705.21","12,832.27","12,859.01","12,674.87",998.67M,-2.01%
8/22/2022,"12,381.57","12,523.16","12,538.55","12,353.73",857.72M,-2.55%
8/23/2022,"12,381.30","12,380.37","12,490.86","12,352.03",763.64M,0.00%
8/24/2022,"12,431.53","12,375.15","12,504.33","12,350.16",770.64M,0.41%
8/25/2022,"12,639.26","12,506.37","12,641.26","12,471.98",797.23M,1.67%
8/26/2022,"12,141.71","12,630.58","12,655.84","12,141.52",960.49M,-3.94%
8/29/2022,"12,017.67","12,021.05","12,124.87","11,981.42",798.39M,-1.02%
8/30/2022,"11,883.14","12,093.06","12,101.85","11,790.03",896.27M,-1.12%
8/31/2022,"11,816.20","11,972.56","12,027.43","11,814.17",1.16B,-0.56%
9/1/2022,"11,785.13","11,707.44","11,798.37","11,546.52",974.17M,-0.26%
9/2/2022,"11,630.86","11,899.14","11,945.91","11,573.51",868.07M,-1.31%
9/6/2022,"11,544.91","11,643.03","11,679.43","11,471.50",945.53M,-0.74%
9/7/2022,"11,791.90","11,559.38","11,819.07","11,555.08",897.12M,2.14%
9/8/2022,"11,862.13","11,679.86","11,896.73","11,660.53",875.83M,0.60%
9/9/2022,"12,112.31","11,958.61","12,132.67","11,958.61",881.47M,2.11%
9/12/2022,"12,266.41","12,174.94","12,270.19","12,169.28",845.28M,1.27%
9/13/2022,"11,633.57","11,908.81","11,957.97","11,604.43",1.10B,-5.16%
9/14/2022,"11,719.68","11,680.41","11,746.83","11,602.76",1.05B,0.74%
9/15/2022,"11,552.36","11,633.24","11,760.73","11,497.11",1.03B,-1.43%
9/16/2022,"11,448.40","11,401.21","11,460.43","11,316.92",3.05B,-0.90%
9/19/2022,"11,535.02","11,338.57","11,538.13","11,337.83",932.68M,0.76%
9/20/2022,"11,425.05","11,440.14","11,520.99","11,343.72",861.66M,-0.95%
9/21/2022,"11,220.19","11,466.21","11,613.57","11,219.00",909.35M,-1.79%
9/22/2022,"11,066.80","11,167.38","11,203.77","11,024.64",934.35M,-1.37%
9/23/2022,"10,867.93","10,952.69","10,958.29","10,732.72",1.00B,-1.80%
9/26/2022,"10,802.92","10,833.38","11,024.00","10,789.05",949.64M,-0.60%
9/27/2022,"10,829.50","10,955.29","11,040.99","10,741.02",903.37M,0.25%
9/28/2022,"11,051.64","10,817.53","11,101.50","10,776.34",953.34M,2.05%
9/29/2022,"10,737.51","10,894.44","10,899.47","10,623.22",971.92M,-2.84%
9/30/2022,"10,575.62","10,697.71","10,883.04","10,572.33",1.10B,-1.51%
10/3/2022,"10,815.43","10,659.01","10,875.46","10,577.89",943.34M,2.27%
10/4/2022,"11,176.41","11,054.72","11,189.96","11,044.04",1.02B,3.34%
10/5/2022,"11,148.64","11,022.67","11,210.32","10,910.76",830.23M,-0.25%
10/6/2022,"11,073.31","11,129.04","11,230.44","11,051.27",873.35M,-0.68%
10/7/2022,"10,652.41","10,877.28","10,891.93","10,608.52",1.03B,-3.80%
10/10/2022,"10,542.10","10,659.95","10,669.93","10,449.04",812.52M,-1.04%
10/11/2022,"10,426.19","10,484.37","10,608.84","10,351.98",990.74M,-1.10%
10/12/2022,"10,417.10","10,437.00","10,494.53","10,372.21",823.61M,-0.09%
10/13/2022,"10,649.15","10,131.82","10,697.71","10,088.83",1.05B,2.23%
10/14/2022,"10,321.39","10,742.81","10,766.68","10,308.81",918.04M,-3.08%
10/17/2022,"10,675.80","10,575.65","10,696.59","10,569.69",944.31M,3.43%
10/18/2022,"10,772.40","10,963.99","10,972.97","10,670.12",929.62M,0.90%
10/19/2022,"10,680.51","10,689.31","10,808.04","10,592.88",921.13M,-0.85%
10/20/2022,"10,614.84","10,657.41","10,837.30","10,574.55",866.25M,-0.61%
10/21/2022,"10,859.72","10,576.04","10,875.72","10,542.43",1.02B,2.31%
10/24/2022,"10,952.61","10,867.07","10,983.52","10,713.33",921.20M,0.86%
10/25/2022,"11,199.12","10,996.97","11,210.38","10,996.97",991.08M,2.25%
10/26/2022,"10,970.99","10,969.02","11,205.84","10,948.38",1.00B,-2.04%
10/27/2022,"10,792.67","10,971.95","10,998.73","10,780.50",973.52M,-1.63%
10/28/2022,"11,102.45","10,766.20","11,117.04","10,766.20",977.64M,2.87%
10/31/2022,"10,988.15","11,028.43","11,047.94","10,914.00",1.08B,-1.03%
11/1/2022,"10,890.84","11,154.74","11,156.35","10,881.19",903.26M,-0.89%
11/2/2022,"10,524.80","10,885.01","10,993.24","10,522.90",1.10B,-3.36%
11/3/2022,"10,342.94","10,399.45","10,486.01","10,319.54",1.01B,-1.73%
11/4/2022,"10,475.25","10,548.14","10,553.63","10,262.93",1.09B,1.28%
11/7/2022,"10,564.52","10,516.94","10,587.96","10,428.91",930.25M,0.85%
11/8/2022,"10,616.20","10,611.53","10,745.64","10,472.73",994.35M,0.49%
11/9/2022,"10,353.17","10,528.45","10,564.97","10,344.01",1.04B,-2.48%
11/10/2022,"11,114.15","10,869.17","11,119.12","10,779.95",1.40B,7.35%
11/11/2022,"11,323.33","11,124.75","11,352.43","11,069.83",1.21B,1.88%
11/14/2022,"11,196.22","11,233.90","11,350.13","11,167.17",983.40M,-1.12%
11/15/2022,"11,358.41","11,474.82","11,492.62","11,241.15",1.04B,1.45%
11/16/2022,"11,183.66","11,260.09","11,286.10","11,162.92",887.82M,-1.54%
11/17/2022,"11,144.96","11,008.67","11,198.84","11,006.21",837.39M,-0.35%
11/18/2022,"11,146.06","11,257.01","11,259.44","11,059.16",846.40M,0.01%
11/21/2022,"11,024.51","11,091.01","11,128.78","10,999.75",765.20M,-1.09%
11/22/2022,"11,174.41","11,058.56","11,179.87","10,975.66",758.80M,1.36%
11/23/2022,"11,285.32","11,174.61","11,310.82","11,174.61",695.12M,0.99%
11/25/2022,"11,226.36","11,231.00","11,261.57","11,206.38",377.17M,-0.52%
11/28/2022,"11,049.50","11,147.57","11,217.75","11,020.69",811.96M,-1.58%
11/29/2022,"10,983.78","11,060.02","11,086.02","10,944.37",783.46M,-0.59%
11/30/2022,"11,468.00","10,995.20","11,468.47","10,966.53",1.62B,4.41%
12/1/2022,"11,482.45","11,475.17","11,546.77","11,378.75",912.53M,0.13%
12/2/2022,"11,461.50","11,308.38","11,492.32","11,296.72",859.61M,-0.18%
12/5/2022,"11,239.94","11,380.99","11,425.51","11,193.03",885.18M,-1.93%
12/6/2022,"11,014.89","11,228.42","11,241.42","10,956.20",888.70M,-2.00%
12/7/2022,"10,958.55","10,963.95","11,039.81","10,910.62",828.48M,-0.51%
12/8/2022,"11,082.00","11,011.33","11,119.16","10,939.47",832.95M,1.13%
12/9/2022,"11,004.62","11,038.17","11,138.70","10,999.26",867.24M,-0.70%
12/12/2022,"11,143.74","11,015.48","11,144.67","10,984.82",955.14M,1.26%
12/13/2022,"11,256.81","11,542.84","11,571.64","11,160.54",1.24B,1.01%
12/14/2022,"11,170.89","11,248.09","11,352.09","11,065.24",1.12B,-0.76%
12/15/2022,"10,810.53","11,012.62","11,029.57","10,775.61",1.16B,-3.23%
12/16/2022,"10,705.41","10,767.63","10,833.24","10,642.10",3.28B,-0.97%
12/19/2022,"10,546.03","10,707.44","10,713.97","10,497.55",1.04B,-1.49%
12/20/2022,"10,547.11","10,490.89","10,609.46","10,446.82",972.31M,0.01%
12/21/2022,"10,709.37","10,592.00","10,753.57","10,569.20",937.40M,1.54%
12/22/2022,"10,476.12","10,586.46","10,599.34","10,313.32",974.20M,-2.18%
12/23/2022,"10,497.86","10,437.75","10,514.76","10,361.82",678.03M,0.21%
12/27/2022,"10,353.23","10,462.19","10,472.32","10,340.73",753.05M,-1.38%
12/28/2022,"10,213.29","10,339.20","10,414.82","10,207.47",751.52M,-1.35%
12/29/2022,"10,478.09","10,321.46","10,502.08","10,301.06",894.54M,2.59%
12/30/2022,"10,466.48","10,368.37","10,468.31","10,324.70",850.56M,-0.11%
1/3/2023,"10,386.99","10,562.06","10,613.06","10,309.16",983.36M,-0.76%
1/4/2023,"10,458.76","10,467.82","10,515.22","10,337.64",1.04B,0.69%
1/5/2023,"10,305.24","10,390.31","10,393.22","10,295.25",957.48M,-1.47%
1/6/2023,"10,569.29","10,363.96","10,604.14","10,265.04",970.67M,2.56%
1/9/2023,"10,635.65","10,662.11","10,807.26","10,619.12",1.04B,0.63%
1/10/2023,"10,742.63","10,607.72","10,743.67","10,589.59",888.70M,1.01%
1/11/2023,"10,931.67","10,794.99","10,932.44","10,762.73",1.01B,1.76%
1/12/2023,"11,001.11","10,969.26","11,027.75","10,797.12",1.03B,0.64%
1/13/2023,"11,079.16","10,906.37","11,084.01","10,900.16",919.66M,0.71%
1/17/2023,"11,095.11","11,070.00","11,145.44","11,024.72",990.06M,0.14%
1/18/2023,"10,957.01","11,170.95","11,223.41","10,952.05",986.97M,-1.24%
1/19/2023,"10,852.27","10,890.40","10,932.52","10,804.57",905.21M,-0.96%
1/20/2023,"11,140.43","10,924.66","11,143.17","10,885.64",1.16B,2.66%
1/23/2023,"11,364.41","11,171.94","11,405.50","11,144.03",1.05B,2.01%
1/24/2023,"11,334.27","11,302.93","11,378.15","11,282.65",914.95M,-0.27%
1/25/2023,"11,313.36","11,146.53","11,334.22","11,069.17",924.72M,-0.18%
1/26/2023,"11,512.41","11,458.41","11,516.05","11,341.19",992.60M,1.76%
1/27/2023,"11,621.71","11,470.47","11,691.89","11,470.27",1.05B,0.95%
1/30/2023,"11,393.81","11,512.34","11,553.31","11,388.54",954.43M,-1.96%
1/31/2023,"11,584.55","11,398.58","11,586.01","11,398.37",1.15B,1.67%
2/1/2023,"11,816.32","11,573.14","11,904.02","11,500.33",1.21B,2.00%
2/2/2023,"12,200.82","12,065.15","12,269.55","12,024.14",1.33B,3.25%
2/3/2023,"12,006.96","11,946.86","12,231.31","11,946.86",1.11B,-1.59%
2/6/2023,"11,887.45","11,904.41","11,973.41","11,843.49",1.01B,-1.00%
2/7/2023,"12,113.79","11,891.25","12,150.22","11,836.78",1.07B,1.90%
2/8/2023,"11,910.52","12,069.12","12,096.39","11,890.09",953.41M,-1.68%
2/9/2023,"11,789.58","12,069.10","12,070.96","11,745.11",1.03B,-1.02%
2/10/2023,"11,718.12","11,714.60","11,775.80","11,630.54",934.05M,-0.61%
2/13/2023,"11,891.79","11,759.09","11,910.92","11,719.73",937.01M,1.48%
2/14/2023,"11,960.14","11,808.20","11,999.85","11,760.57",929.01M,0.57%
2/15/2023,"12,070.59","11,905.12","12,071.29","11,876.82",951.90M,0.92%
2/16/2023,"11,855.83","11,896.31","12,040.34","11,853.36",986.41M,-1.78%
2/17/2023,"11,787.27","11,777.50","11,803.22","11,673.21",966.30M,-0.58%
2/21/2023,"11,492.30","11,640.37","11,684.14","11,491.18",1.02B,-2.50%
2/22/2023,"11,507.07","11,517.20","11,582.52","11,445.17",942.98M,0.13%
2/23/2023,"11,590.40","11,636.93","11,638.97","11,432.58",903.17M,0.72%
2/24/2023,"11,394.94","11,404.18","11,434.36","11,334.46",900.84M,-1.69%
2/27/2023,"11,466.98","11,517.19","11,565.23","11,444.60",874.29M,0.63%
2/28/2023,"11,455.54","11,451.05","11,548.22","11,435.39",1.26B,-0.10%
3/1/2023,"11,379.48","11,447.58","11,479.00","11,349.87",964.54M,-0.66%
3/2/2023,"11,462.98","11,273.77","11,487.59","11,273.61",950.09M,0.73%
3/3/2023,"11,689.01","11,524.65","11,699.63","11,514.74",965.05M,1.97%
3/6/2023,"11,675.74","11,736.87","11,827.92","11,667.48",977.57M,-0.11%
3/7/2023,"11,530.33","11,670.98","11,705.96","11,512.03",973.96M,-1.25%
3/8/2023,"11,576.00","11,553.09","11,601.23","11,487.75",923.10M,0.40%
3/9/2023,"11,338.36","11,578.31","11,667.12","11,319.98",994.86M,-2.05%
3/10/2023,"11,138.89","11,325.36","11,373.81","11,093.86",1.23B,-1.76%
3/13/2023,"11,188.84","11,041.46","11,326.73","10,982.80",1.31B,0.45%
3/14/2023,"11,428.15","11,357.74","11,467.01","11,284.93",1.18B,2.14%
3/15/2023,"11,434.05","11,291.17","11,447.90","11,238.44",1.22B,0.05%
3/16/2023,"11,717.28","11,384.87","11,733.80","11,365.49",1.13B,2.48%
3/17/2023,"11,630.51","11,696.34","11,773.11","11,562.63",2.94B,-0.74%
3/20/2023,"11,675.54","11,614.39","11,695.55","11,550.69",1.08B,0.39%
3/21/2023,"11,860.11","11,764.79","11,879.16","11,724.91",1.04B,1.58%
3/22/2023,"11,669.96","11,857.50","12,013.99","11,666.85",963.97M,-1.60%
3/23/2023,"11,787.40","11,811.32","11,962.69","11,684.52",1.00B,1.01%
3/24/2023,"11,823.96","11,747.62","11,826.23","11,670.67",897.32M,0.31%
3/27/2023,"11,768.84","11,868.54","11,903.21","11,739.05",844.71M,-0.47%
3/28/2023,"11,716.08","11,752.76","11,752.76","11,635.03",773.10M,-0.45%
3/29/2023,"11,926.24","11,855.59","11,941.59","11,823.35",915.05M,1.79%
3/30/2023,"12,013.47","12,010.45","12,044.79","11,953.37",923.96M,0.73%
3/31/2023,"12,221.91","12,031.54","12,227.93","12,030.44",1.16B,1.74%
4/3/2023,"12,189.45","12,146.09","12,196.34","12,086.52",950.52M,-0.27%
4/4/2023,"12,126.33","12,208.49","12,224.68","12,081.81",877.51M,-0.52%
4/5/2023,"11,996.86","12,081.76","12,086.75","11,931.84",894.37M,-1.07%
4/6/2023,"12,087.96","11,939.08","12,098.50","11,898.36",785.43M,0.76%
4/10/2023,"12,084.36","11,975.13","12,084.95","11,924.20",862.62M,-0.03%
4/11/2023,"12,031.88","12,080.24","12,091.27","12,011.40",883.24M,-0.43%
4/12/2023,"11,929.34","12,110.87","12,134.50","11,916.54",916.01M,-0.85%
4/13/2023,"12,166.27","11,997.42","12,178.80","11,995.94",921.41M,1.99%
4/14/2023,"12,123.46","12,117.91","12,205.72","12,026.55",874.14M,-0.35%
4/17/2023,"12,157.72","12,108.23","12,159.02","12,064.10",904.58M,0.28%
4/18/2023,"12,153.41","12,234.56","12,245.43","12,110.23",883.01M,-0.04%
4/19/2023,"12,157.23","12,063.68","12,191.10","12,060.17",879.49M,0.03%
4/20/2023,"12,059.56","12,039.08","12,155.96","12,011.95",899.17M,-0.80%
4/21/2023,"12,072.46","12,046.03","12,097.15","11,986.82",944.77M,0.11%
4/24/2023,"12,037.20","12,053.47","12,103.58","11,960.30",853.57M,-0.29%
4/25/2023,"11,799.16","11,968.81","11,990.46","11,798.77",921.37M,-1.98%
4/26/2023,"11,854.35","11,913.23","11,967.99","11,833.07",973.40M,0.47%
4/27/2023,"12,142.24","11,972.15","12,154.01","11,950.92",986.43M,2.43%
4/28/2023,"12,226.58","12,117.54","12,227.72","12,082.57",1.07B,0.69%
5/1/2023,"12,212.60","12,210.05","12,261.32","12,181.08",926.58M,-0.11%
5/2/2023,"12,080.51","12,198.02","12,206.58","12,015.22",1.05B,-1.08%
5/3/2023,"12,025.33","12,097.04","12,212.55","12,022.46",1.09B,-0.46%
5/4/2023,"11,966.40","11,997.34","12,033.15","11,925.37",1.01B,-0.49%
5/5/2023,"12,235.41","12,073.03","12,264.83","12,065.72",1.01B,2.25%
5/8/2023,"12,256.92","12,231.68","12,264.99","12,178.26",882.60M,0.18%
5/9/2023,"12,179.55","12,195.78","12,216.13","12,174.06",899.76M,-0.63%
5/10/2023,"12,306.44","12,286.66","12,337.69","12,180.86",1.04B,1.04%
5/11/2023,"12,328.51","12,321.26","12,347.38","12,255.44",934.31M,0.18%
5/12/2023,"12,284.74","12,350.52","12,364.65","12,209.58",865.59M,-0.35%
5/15/2023,"12,365.21","12,301.17","12,376.40","12,263.35",857.25M,0.66%
5/16/2023,"12,343.05","12,327.05","12,403.81","12,324.52",857.54M,-0.18%
5/17/2023,"12,500.57","12,388.58","12,514.07","12,335.02",936.60M,1.28%
5/18/2023,"12,688.84","12,513.87","12,698.50","12,512.26",932.20M,1.51%
5/19/2023,"12,657.90","12,709.46","12,731.73","12,624.06",899.33M,-0.24%
5/22/2023,"12,720.78","12,664.44","12,756.22","12,655.26",886.96M,0.50%
5/23/2023,"12,560.25","12,652.88","12,709.74","12,554.43",899.73M,-1.26%
5/24/2023,"12,484.16","12,481.89","12,529.63","12,415.85",842.72M,-0.61%
5/25/2023,"12,698.09","12,706.44","12,736.92","12,604.89",970.49M,1.71%
5/26/2023,"12,975.69","12,736.42","13,001.91","12,729.74",914.77M,2.19%
5/30/2023,"13,017.43","13,109.10","13,154.29","12,968.12",969.21M,0.32%
5/31/2023,"12,935.29","12,968.38","13,029.08","12,889.37",1.94B,-0.63%
6/1/2023,"13,100.98","12,944.46","13,141.83","12,903.63",957.13M,1.28%
6/2/2023,"13,240.77","13,190.48","13,256.21","13,125.86",941.89M,1.07%
6/5/2023,"13,229.43","13,238.48","13,330.65","13,194.95",887.68M,-0.09%
6/6/2023,"13,276.42","13,199.59","13,306.21","13,165.65",978.70M,0.36%
6/7/2023,"13,104.89","13,295.26","13,361.90","13,089.48",1.11B,-1.29%
6/8/2023,"13,238.52","13,113.27","13,248.60","13,101.18",873.24M,1.02%
6/9/2023,"13,259.14","13,312.39","13,385.95","13,229.33",899.24M,0.16%
6/12/2023,"13,461.92","13,326.37","13,465.91","13,302.58",974.53M,1.53%
6/13/2023,"13,573.32","13,566.53","13,594.40","13,473.19",1.04B,0.83%
6/14/2023,"13,626.48","13,570.56","13,661.74","13,455.99",1.16B,0.39%
6/15/2023,"13,782.82","13,572.88","13,828.17","13,561.37",1.13B,1.15%
6/16/2023,"13,689.57","13,859.07","13,864.06","13,680.96",2.92B,-0.68%
6/20/2023,"13,667.29","13,642.29","13,711.18","13,561.84",1.13B,-0.16%
6/21/2023,"13,502.20","13,620.87","13,638.57","13,460.94",1.06B,-1.21%
6/22/2023,"13,630.61","13,443.41","13,631.85","13,441.56",898.27M,0.95%
6/23/2023,"13,492.52","13,484.10","13,572.18","13,442.65",3.36B,-1.01%
6/26/2023,"13,335.78","13,468.75","13,573.57","13,334.42",936.28M,-1.16%
6/27/2023,"13,555.67","13,389.25","13,578.80","13,366.97",966.18M,1.65%
6/28/2023,"13,591.75","13,506.02","13,654.14","13,495.73",890.52M,0.27%
6/29/2023,"13,591.33","13,592.36","13,618.53","13,540.26",871.64M,0.00%
6/30/2023,"13,787.92","13,719.98","13,816.67","13,716.16",1.07B,1.45%
7/3/2023,"13,816.77","13,798.70","13,839.09","13,773.41",583.70M,0.21%
7/5/2023,"13,791.65","13,772.10","13,844.50","13,764.25",937.60M,-0.18%
7/6/2023,"13,679.04","13,653.17","13,689.52","13,567.25",1.04B,-0.82%
7/7/2023,"13,660.72","13,668.07","13,804.51","13,656.74",949.89M,-0.13%
7/10/2023,"13,685.48","13,645.37","13,692.41","13,584.87",1.00B,0.18%
7/11/2023,"13,760.70","13,709.82","13,774.83","13,643.32",913.10M,0.55%
7/12/2023,"13,918.96","13,915.64","13,963.45","13,842.13",1.01B,1.15%
7/13/2023,"14,138.57","14,021.15","14,163.80","14,012.24",962.46M,1.58%
7/14/2023,"14,113.70","14,166.66","14,232.11","14,081.96",996.35M,-0.18%
7/17/2023,"14,244.95","14,149.92","14,274.41","14,138.00",914.53M,0.93%
7/18/2023,"14,353.64","14,212.25","14,396.69","14,176.11",930.20M,0.76%
7/19/2023,"14,358.02","14,398.53","14,446.55","14,317.09",978.63M,0.03%
7/20/2023,"14,063.31","14,273.29","14,309.92","14,030.63",996.24M,-2.05%
7/21/2023,"14,032.80","14,148.17","14,179.01","14,020.45",1.45B,-0.22%
7/24/2023,"14,058.87","14,081.63","14,110.15","13,997.13",812.22M,0.19%
7/25/2023,"14,144.55","14,093.24","14,201.91","14,092.52",864.05M,0.61%
7/26/2023,"14,127.28","14,123.52","14,187.35","14,041.95",883.42M,-0.12%
7/27/2023,"14,050.11","14,319.16","14,360.20","14,006.92",1.00B,-0.55%
7/28/2023,"14,316.66","14,199.83","14,344.35","14,188.10",937.55M,1.90%
7/31/2023,"14,346.02","14,337.90","14,370.91","14,292.75",1.08B,0.21%
8/1/2023,"14,283.91","14,274.93","14,309.21","14,215.64",909.92M,-0.43%
8/2/2023,"13,973.45","14,132.73","14,133.85","13,914.81",1.06B,-2.17%
8/3/2023,"13,959.71","13,899.76","14,032.28","13,881.35",1.03B,-0.10%
8/4/2023,"13,892.07","14,025.96","14,119.22","13,897.93",1.00B,-0.48%
8/7/2023,"13,977.13","13,972.45","13,997.15","13,864.92",957.81M,0.61%
8/8/2023,"13,867.19","13,875.45","13,899.74","13,769.34",1.04B,-0.79%
8/9/2023,"13,705.08","13,897.61","13,898.54","13,698.39",1.06B,-1.17%
8/10/2023,"13,721.03","13,818.25","13,947.16","13,686.51",979.72M,0.12%
8/11/2023,"13,644.85","13,633.65","13,720.33","13,609.98",842.28M,-0.56%
8/14/2023,"13,788.33","13,599.00","13,789.16","13,582.49",836.91M,1.05%
8/15/2023,"13,631.05","13,760.48","13,774.98","13,611.93",816.65M,-1.14%
8/16/2023,"13,474.63","13,593.17","13,644.32","13,473.03",993.03M,-1.15%
8/17/2023,"13,316.93","13,527.30","13,535.09","13,303.45",956.29M,-1.17%
8/18/2023,"13,290.78","13,190.02","13,335.87","13,161.76",980.92M,-0.20%
8/21/2023,"13,497.59","13,347.26","13,516.86","13,325.59",828.82M,1.56%
8/22/2023,"13,505.87","13,593.95","13,598.76","13,484.38",780.24M,0.06%
8/23/2023,"13,721.03","13,532.43","13,757.00","13,532.43",811.82M,1.59%
8/24/2023,"13,463.97","13,834.31","13,834.68","13,462.84",891.76M,-1.87%
8/25/2023,"13,590.65","13,514.37","13,633.42","13,376.34",782.12M,0.94%
8/28/2023,"13,705.13","13,695.36","13,735.98","13,626.64",674.53M,0.84%
8/29/2023,"13,943.76","13,687.23","13,959.81","13,677.06",865.54M,1.74%
8/30/2023,"14,019.31","13,961.77","14,050.82","13,924.20",829.23M,0.54%
8/31/2023,"14,034.97","14,041.54","14,114.67","14,010.48",1.13B,0.11%
9/1/2023,"14,031.82","14,129.96","14,149.62","13,982.42",820.13M,-0.02%
9/5/2023,"14,020.95","13,994.54","14,060.85","13,945.65",882.28M,-0.08%
9/6/2023,"13,872.47","13,988.81","14,001.95","13,802.42",826.45M,-1.06%
9/7/2023,"13,748.83","13,675.11","13,774.63","13,642.47",920.58M,-0.89%
9/8/2023,"13,761.53","13,754.71","13,843.37","13,733.18",781.91M,0.09%
9/11/2023,"13,917.89","13,884.03","13,937.46","13,805.13",853.34M,1.14%
9/12/2023,"13,773.62","13,858.94","13,913.60","13,763.69",853.61M,-1.04%
9/13/2023,"13,813.58","13,773.67","13,868.57","13,733.82",929.03M,0.29%
9/14/2023,"13,926.05","13,889.76","13,957.57","13,810.66",930.53M,0.81%
9/15/2023,"13,708.33","13,889.20","13,895.75","13,684.24",3.05B,-1.56%
9/18/2023,"13,710.24","13,669.96","13,751.28","13,663.46",962.57M,0.01%
9/19/2023,"13,678.19","13,649.44","13,705.15","13,578.87",881.73M,-0.23%
9/20/2023,"13,469.13","13,710.26","13,727.81","13,467.28",835.28M,-1.53%
9/21/2023,"13,223.99","13,328.06","13,362.23","13,222.56",928.74M,-1.82%
9/22/2023,"13,211.81","13,287.17","13,353.22","13,200.64",831.54M,-0.09%
9/25/2023,"13,271.32","13,172.54","13,277.83","13,132.00",769.22M,0.45%
9/26/2023,"13,063.61","13,180.96","13,199.13","13,033.40",891.04M,-1.57%
9/27/2023,"13,092.85","13,115.36","13,156.37","12,963.16",894.11M,0.22%
9/28/2023,"13,201.28","13,043.37","13,270.97","13,025.11",884.75M,0.83%
9/29/2023,"13,219.32","13,337.71","13,382.98","13,177.09",1.02B,0.14%
10/2/2023,"13,307.77","13,217.99","13,364.03","13,204.08",877.57M,0.67%
10/3/2023,"13,059.47","13,229.68","13,280.04","13,008.60",889.31M,-1.87%
10/4/2023,"13,236.01","13,092.92","13,258.76","13,072.51",854.22M,1.35%
10/5/2023,"13,219.83","13,228.12","13,251.18","13,087.57",870.00M,-0.12%
10/6/2023,"13,431.34","13,127.68","13,472.27","13,099.03",860.52M,1.60%
10/9/2023,"13,484.24","13,326.22","13,509.30","13,277.48",723.95M,0.39%
10/10/2023,"13,562.84","13,505.81","13,659.63","13,491.81",823.87M,0.58%
10/11/2023,"13,659.68","13,619.21","13,671.11","13,549.29",797.05M,0.71%
10/12/2023,"13,574.22","13,672.47","13,714.14","13,491.56",921.27M,-0.63%
10/13/2023,"13,407.23","13,613.59","13,619.54","13,361.85",843.48M,-1.23%
10/16/2023,"13,567.98","13,453.81","13,598.05","13,447.17",832.45M,1.20%
10/17/2023,"13,533.75","13,419.87","13,602.25","13,364.74",906.42M,-0.25%
10/18/2023,"13,314.30","13,439.68","13,499.74","13,275.30",843.06M,-1.62%
10/19/2023,"13,186.17","13,354.80","13,404.73","13,157.33",920.00M,-0.96%
10/20/2023,"12,983.81","13,157.77","13,177.35","12,977.43",1.03B,-1.53%
10/23/2023,"13,018.33","12,930.85","13,143.22","12,848.83",859.07M,0.27%
10/24/2023,"13,139.88","13,084.99","13,170.39","13,022.85",878.12M,0.93%
10/25/2023,"12,821.22","13,039.86","13,042.52","12,804.30",950.80M,-2.43%
10/26/2023,"12,595.61","12,768.97","12,818.14","12,543.86",941.24M,-1.76%
10/27/2023,"12,643.01","12,718.69","12,772.43","12,600.57",856.38M,0.38%
10/30/2023,"12,789.48","12,750.46","12,842.96","12,691.56",801.65M,1.16%
10/31/2023,"12,851.24","12,786.62","12,859.40","12,697.04",914.04M,0.48%
11/1/2023,"13,061.47","12,887.06","13,072.42","12,875.20",937.65M,1.64%
11/2/2023,"13,294.19","13,230.49","13,302.18","13,177.64",1.03B,1.78%
11/3/2023,"13,478.28","13,362.85","13,520.28","13,344.73",1.02B,1.38%
11/6/2023,"13,518.78","13,514.08","13,551.62","13,435.99",912.89M,0.30%
11/7/2023,"13,639.86","13,555.79","13,675.46","13,516.56",896.95M,0.90%
11/8/2023,"13,650.41","13,660.22","13,684.87","13,573.58",956.59M,0.08%
11/9/2023,"13,521.45","13,693.70","13,697.82","13,506.02",1.04B,-0.94%
11/10/2023,"13,798.11","13,571.19","13,802.53","13,556.35",998.71M,2.05%
11/13/2023,"13,767.74","13,745.96","13,805.11","13,687.78",837.61M,-0.22%
11/14/2023,"14,094.38","14,015.37","14,124.06","14,003.14",1.11B,2.37%
11/15/2023,"14,103.84","14,147.27","14,194.36","14,060.70",1.06B,0.07%
11/16/2023,"14,113.67","14,066.88","14,130.45","14,033.79",925.11M,0.07%
11/17/2023,"14,125.48","14,101.43","14,154.32","14,063.93",946.65M,0.08%
11/20/2023,"14,284.53","14,134.75","14,309.80","14,134.20",902.05M,1.13%
11/21/2023,"14,199.98","14,217.23","14,237.50","14,146.30",815.36M,-0.59%
11/22/2023,"14,265.86","14,283.82","14,359.61","14,226.63",717.39M,0.46%
11/24/2023,"14,250.86","14,238.04","14,270.28","14,214.13",441.68M,-0.11%
11/27/2023,"14,241.02","14,239.31","14,305.71","14,205.24",839.28M,-0.07%
11/28/2023,"14,281.76","14,224.63","14,303.66","14,195.72",870.61M,0.29%
11/29/2023,"14,258.49","14,367.11","14,423.22","14,247.89",979.43M,-0.16%
11/30/2023,"14,226.22","14,265.05","14,289.20","14,127.05",1.53B,-0.23%
12/1/2023,"14,305.03","14,181.35","14,311.95","14,135.00",1.09B,0.55%
12/4/2023,"14,185.49","14,168.66","14,197.52","14,058.52",1.18B,-0.84%
12/5/2023,"14,229.91","14,126.40","14,285.66","14,121.76",1.11B,0.31%
12/6/2023,"14,146.71","14,325.62","14,327.63","14,138.51",1.02B,-0.58%
12/7/2023,"14,339.99","14,230.43","14,353.11","14,220.87",1.05B,1.37%
12/8/2023,"14,403.97","14,279.46","14,416.92","14,264.96",997.65M,0.45%
12/11/2023,"14,432.49","14,340.13","14,436.08","14,324.57",1.05B,0.20%
12/12/2023,"14,533.40","14,423.01","14,533.40","14,385.39",939.56M,0.70%
12/13/2023,"14,733.96","14,555.68","14,743.55","14,517.53",1.13B,1.38%
12/14/2023,"14,761.56","14,798.72","14,855.62","14,642.23",1.58B,0.19%
12/15/2023,"14,813.92","14,797.46","14,848.41","14,753.16",3.35B,0.35%
12/18/2023,"14,905.19","14,814.02","14,938.04","14,811.82",1.15B,0.62%
12/19/2023,"15,003.22","14,923.02","15,003.80","14,921.60",1.13B,0.66%
12/20/2023,"14,777.94","14,973.36","15,069.29","14,776.29",1.20B,-1.50%
12/21/2023,"14,963.87","14,923.14","14,970.81","14,837.47",945.08M,1.26%
12/22/2023,"14,992.97","15,006.18","15,047.19","14,927.12",880.44M,0.19%
12/26/2023,"15,074.57","15,028.69","15,101.18","15,024.06",871.34M,0.54%
12/27/2023,"15,099.18","15,089.66","15,114.08","15,051.67",1.07B,0.16%
12/28/2023,"15,095.14","15,142.09","15,150.07","15,087.22",907.14M,-0.03%
12/29/2023,"15,011.35","15,099.20","15,111.41","14,955.37",1.04B,-0.56%
1/2/2024,"14,765.94","14,873.70","14,887.80","14,682.38",1.08B,-1.63%
1/3/2024,"14,592.21","14,641.47","14,694.58","14,577.44",1.06B,-1.18%
1/4/2024,"14,510.30","14,532.23","14,632.77","14,504.78",1.04B,-0.56%
1/5/2024,"14,524.07","14,500.11","14,625.19","14,477.57",1.01B,0.09%
1/8/2024,"14,843.77","14,564.47","14,846.90","14,560.20",1.14B,2.20%
1/9/2024,"14,857.71","14,744.13","14,894.32","14,716.71",959.65M,0.09%
1/10/2024,"14,969.65","14,877.70","14,998.20","14,842.70",904.43M,0.75%
1/11/2024,"14,970.18","15,020.95","15,063.61","14,800.38",1.00B,0.00%
1/12/2024,"14,972.76","15,001.01","15,047.25","14,931.88",865.51M,0.02%
1/16/2024,"14,944.35","14,908.26","15,004.35","14,863.81",1.10B,-0.19%
1/17/2024,"14,855.62","14,814.77","14,865.76","14,706.23",944.50M,-0.59%
1/18/2024,"15,055.65","14,994.52","15,066.81","14,911.11",1.04B,1.35%
1/19/2024,"15,310.97","15,122.38","15,310.97","15,087.20",1.14B,1.70%
1/22/2024,"15,360.29","15,393.05","15,438.85","15,333.63",1.04B,0.32%
1/23/2024,"15,425.94","15,391.41","15,432.35","15,337.23",959.54M,0.43%
1/24/2024,"15,481.92","15,560.61","15,629.07","15,468.91",932.89M,0.36%
1/25/2024,"15,510.50","15,555.62","15,597.25","15,430.68",998.98M,0.18%
1/26/2024,"15,455.36","15,474.85","15,538.84","15,433.04",857.50M,-0.36%
1/29/2024,"15,628.04","15,470.66","15,630.58","15,449.87",959.39M,1.12%
1/30/2024,"15,509.90","15,604.08","15,619.23","15,484.67",915.72M,-0.76%
1/31/2024,"15,164.01","15,324.19","15,405.55","15,158.49",1.29B,-2.23%
2/1/2024,"15,361.64","15,254.02","15,372.13","15,208.88",1.01B,1.30%
2/2/2024,"15,628.95","15,403.16","15,664.21","15,366.78",956.87M,1.74%
2/5/2024,"15,597.68","15,613.99","15,637.88","15,471.68",923.28M,-0.20%
2/6/2024,"15,609.00","15,638.19","15,652.75","15,515.25",931.55M,0.07%
2/7/2024,"15,756.64","15,690.35","15,770.67","15,645.80",943.13M,0.95%
2/8/2024,"15,793.71","15,762.23","15,813.27","15,739.18",1.02B,0.24%
2/9/2024,"15,990.66","15,842.38","16,007.29","15,831.76",1.08B,1.25%
2/12/2024,"15,942.54","15,980.62","16,080.07","15,917.87",1.09B,-0.30%
2/13/2024,"15,655.60","15,598.88","15,770.42","15,551.44",1.21B,-1.80%
2/14/2024,"15,859.15","15,781.71","15,865.51","15,683.94",1.08B,1.30%
2/15/2024,"15,906.17","15,865.30","15,911.22","15,779.71",1.22B,0.30%
2/16/2024,"15,775.65","15,910.43","15,917.41","15,752.02",1.12B,-0.82%
2/20/2024,"15,630.78","15,679.84","15,730.47","15,508.50",1.10B,-0.92%
2/21/2024,"15,580.87","15,532.12","15,583.68","15,451.65",984.02M,-0.32%
2/22/2024,"16,041.62","15,904.48","16,061.82","15,869.24",1.14B,2.96%
2/23/2024,"15,996.82","16,094.80","16,134.22","15,954.50",1.00B,-0.28%
2/26/2024,"15,976.25","16,014.45","16,054.90","15,973.90",1.06B,-0.13%
2/27/2024,"16,035.30","16,013.98","16,046.10","15,940.51",1.10B,0.37%
2/28/2024,"15,947.74","15,969.14","16,003.56","15,924.72",1.10B,-0.55%
2/29/2024,"16,091.92","16,059.34","16,115.96","15,931.70",1.65B,0.90%
3/1/2024,"16,274.94","16,109.83","16,302.24","16,096.60",1.10B,1.14%
3/4/2024,"16,207.51","16,264.21","16,289.06","16,199.06",1.17B,-0.41%
3/5/2024,"15,939.59","16,077.74","16,087.57","15,862.63",1.16B,-1.65%
3/6/2024,"16,031.54","16,092.00","16,128.56","15,956.66",1.11B,0.58%
3/7/2024,"16,273.38","16,147.32","16,309.02","16,096.01",1.03B,1.51%
3/8/2024,"16,085.11","16,322.10","16,449.70","16,059.50",1.09B,-1.16%
3/11/2024,"16,019.27","16,052.63","16,085.95","15,978.04",970.77M,-0.41%
3/12/2024,"16,265.64","16,116.98","16,275.45","15,992.98",1.02B,1.54%
3/13/2024,"16,177.77","16,220.11","16,233.29","16,143.34",1.09B,-0.54%
3/14/2024,"16,128.53","16,209.19","16,245.32","16,039.68",1.18B,-0.30%
3/15/2024,"15,973.17","16,043.58","16,055.33","15,925.91",3.07B,-0.96%
3/18/2024,"16,103.45","16,154.92","16,247.59","16,094.17",1.04B,0.82%
3/19/2024,"16,166.79","16,031.93","16,175.59","15,951.86",1.04B,0.39%
3/20/2024,"16,369.41","16,185.76","16,377.44","16,127.48",1.03B,1.25%
3/21/2024,"16,401.84","16,517.24","16,538.86","16,393.90",1.06B,0.20%
3/22/2024,"16,428.82","16,387.83","16,467.62","16,361.00",880.01M,0.16%
3/25/2024,"16,384.47","16,335.30","16,441.17","16,315.72",896.53M,-0.27%
3/26/2024,"16,315.70","16,446.85","16,476.38","16,312.95",1.00B,-0.42%
3/27/2024,"16,399.52","16,424.76","16,431.82","16,279.17",986.80M,0.51%
3/28/2024,"16,379.46","16,377.23","16,420.92","16,347.38",1.22B,-0.12%
4/1/2024,"16,396.83","16,397.05","16,490.65","16,327.89",930.02M,0.11%
4/2/2024,"16,240.45","16,199.24","16,251.41","16,137.24",1.03B,-0.95%
4/3/2024,"16,277.46","16,178.79","16,340.74","16,169.31",1.01B,0.23%
4/4/2024,"16,049.08","16,418.57","16,468.04","16,046.56",1.07B,-1.40%
4/5/2024,"16,248.52","16,095.40","16,326.50","16,080.49",903.32M,1.24%
4/8/2024,"16,253.96","16,285.18","16,323.60","16,220.72",852.61M,0.03%
4/9/2024,"16,306.64","16,328.76","16,348.18","16,141.15",888.26M,0.32%
4/10/2024,"16,170.36","16,104.01","16,200.10","16,092.02",992.41M,-0.84%
4/11/2024,"16,442.20","16,236.20","16,464.60","16,154.65",888.86M,1.68%
4/12/2024,"16,175.09","16,293.03","16,341.46","16,125.33",906.05M,-1.62%
4/15/2024,"15,885.02","16,276.47","16,295.27","15,863.88",980.76M,-1.79%
4/16/2024,"15,865.25","15,856.38","15,965.79","15,822.02",912.04M,-0.12%
4/17/2024,"15,683.37","15,942.29","15,957.03","15,654.51",896.71M,-1.15%
4/18/2024,"15,601.50","15,705.70","15,786.12","15,587.50",936.42M,-0.52%
4/19/2024,"15,282.01","15,547.10","15,576.70","15,222.78",1.11B,-2.05%
4/22/2024,"15,451.30","15,396.13","15,539.00","15,265.66",930.20M,1.11%
4/23/2024,"15,696.64","15,525.55","15,730.35","15,510.58",981.75M,1.59%
4/24/2024,"15,712.75","15,805.60","15,839.00","15,634.44",955.27M,0.10%
4/25/2024,"15,611.76","15,375.26","15,644.51","15,343.91",990.23M,-0.64%
4/26/2024,"15,927.90","15,821.33","15,981.00","15,770.72",939.96M,2.03%
4/29/2024,"15,983.08","16,007.00","16,021.50","15,885.89",953.16M,0.35%
4/30/2024,"15,657.82","15,920.89","15,979.36","15,655.67",1.15B,-2.04%
5/1/2024,"15,605.48","15,646.09","15,926.22","15,557.64",1.12B,-0.33%
5/2/2024,"15,840.96","15,758.11","15,862.79","15,604.73",1.05B,1.51%
5/3/2024,"16,156.33","16,147.48","16,204.71","16,068.34",1.03B,1.99%
5/6/2024,"16,349.25","16,208.54","16,350.08","16,197.86",919.31M,1.19%
5/7/2024,"16,332.55","16,358.34","16,397.39","16,303.84",1.02B,-0.10%
5/8/2024,"16,302.76","16,226.07","16,341.65","16,226.07",976.92M,-0.18%
5/9/2024,"16,346.26","16,323.74","16,362.79","16,241.98",945.46M,0.27%
5/10/2024,"16,340.87","16,389.02","16,437.39","16,293.52",940.76M,-0.03%
5/13/2024,"16,388.24","16,400.31","16,407.05","16,334.86",953.22M,0.29%
5/14/2024,"16,511.18","16,391.16","16,526.27","16,386.44",1.24B,0.75%
5/15/2024,"16,742.39","16,601.14","16,749.74","16,544.09",1.32B,1.40%
5/16/2024,"16,698.32","16,738.11","16,797.83","16,693.45",1.47B,-0.26%
5/17/2024,"16,685.97","16,708.49","16,726.41","16,613.84",1.43B,-0.07%
5/20/2024,"16,794.87","16,702.02","16,823.83","16,695.69",1.12B,0.65%
5/21/2024,"16,832.62","16,736.10","16,839.02","16,719.97",1.02B,0.22%
5/22/2024,"16,801.54","16,839.02","16,855.27","16,712.09",1.15B,-0.18%
5/23/2024,"16,736.03","16,996.38","16,996.38","16,678.37",1.21B,-0.39%
5/24/2024,"16,920.79","16,786.79","16,947.79","16,771.58",953.61M,1.10%
5/28/2024,"17,019.88","16,988.31","17,032.65","16,917.51",1.10B,0.59%
5/29/2024,"16,920.58","16,879.35","16,989.60","16,873.97",1.15B,-0.58%
5/30/2024,"16,737.08","16,878.63","16,900.46","16,690.36",1.11B,-1.08%
5/31/2024,"16,735.02","16,771.90","16,789.27","16,445.54",1.81B,-0.01%
6/3/2024,"16,828.67","16,865.70","16,909.89","16,646.43",1.06B,0.56%
6/4/2024,"16,857.05","16,823.88","16,891.87","16,750.39",975.74M,0.17%
6/5/2024,"17,187.90","16,974.48","17,187.92","16,955.56",1.01B,1.96%
6/6/2024,"17,173.12","17,204.87","17,235.73","17,123.59",940.92M,-0.09%
6/7/2024,"17,133.13","17,124.13","17,229.31","17,090.04",897.39M,-0.23%
6/10/2024,"17,192.53","17,083.45","17,213.45","17,057.34",1.01B,0.35%
6/11/2024,"17,343.55","17,160.42","17,345.05","17,107.99",941.87M,0.88%
6/12/2024,"17,608.44","17,502.15","17,725.39","17,490.64",1.13B,1.53%
6/13/2024,"17,667.56","17,715.27","17,741.80","17,566.32",981.98M,0.34%
6/14/2024,"17,688.88","17,621.18","17,693.43","17,590.80",965.43M,0.12%
6/17/2024,"17,857.02","17,697.30","17,935.98","17,636.36",1.04B,0.95%
6/18/2024,"17,862.23","17,856.76","17,890.52","17,796.88",1.11B,0.03%
6/20/2024,"17,721.59","17,913.94","17,936.79","17,650.70",1.26B,-0.79%
6/21/2024,"17,689.36","17,681.01","17,787.34","17,620.57",3.54B,-0.18%
6/24/2024,"17,496.82","17,640.26","17,730.12","17,494.02",1.14B,-1.09%
6/25/2024,"17,717.65","17,572.16","17,734.35","17,546.63",1.08B,1.26%
6/26/2024,"17,805.16","17,697.27","17,813.55","17,687.07",1.04B,0.49%
6/27/2024,"17,858.68","17,793.95","17,892.78","17,765.42",1.05B,0.30%
6/28/2024,"17,732.60","17,891.10","18,035.00","17,723.83",3.78B,-0.71%
7/1/2024,"17,879.30","17,773.90","17,894.28","17,657.64",1.03B,0.83%
7/2/2024,"18,028.76","17,808.04","18,031.29","17,802.24",932.12M,0.84%
7/3/2024,"18,188.30","18,016.12","18,188.30","18,016.12",692.06M,0.88%
7/5/2024,"18,352.76","18,200.60","18,366.31","18,197.13",963.80M,0.90%
7/8/2024,"18,403.74","18,371.86","18,416.94","18,342.60",984.76M,0.28%
7/9/2024,"18,429.29","18,465.02","18,511.89","18,381.60",914.80M,0.14%
7/10/2024,"18,647.45","18,512.09","18,655.19","18,467.58",971.36M,1.18%
7/11/2024,"18,283.41","18,659.25","18,671.07","18,238.78",1.23B,-1.95%
7/12/2024,"18,398.45","18,303.64","18,556.73","18,293.60",1.10B,0.63%
7/15/2024,"18,472.57","18,485.91","18,641.53","18,397.83",1.08B,0.40%
7/16/2024,"18,509.34","18,534.27","18,576.83","18,386.07",1.12B,0.20%
7/17/2024,"17,996.93","18,188.19","18,223.24","17,972.87",1.26B,-2.77%
7/18/2024,"17,871.22","18,119.15","18,130.87","17,759.54",1.13B,-0.70%
7/19/2024,"17,726.94","17,835.59","17,935.14","17,691.43",1.12B,-0.81%
7/22/2024,"18,007.57","17,923.64","18,040.99","17,839.76",1.04B,1.58%
7/23/2024,"17,997.35","17,982.74","18,128.38","17,968.10",960.97M,-0.06%
7/24/2024,"17,342.41","17,733.91","17,747.06","17,313.52",1.19B,-3.64%
7/25/2024,"17,181.72","17,352.64","17,544.46","17,033.96",1.20B,-0.93%
7/26/2024,"17,357.88","17,331.95","17,454.57","17,239.99",972.96M,1.03%
7/29/2024,"17,370.20","17,444.39","17,535.32","17,299.83",909.68M,0.07%
7/30/2024,"17,147.42","17,424.10","17,468.56","17,015.38",1.11B,-1.28%
7/31/2024,"17,599.40","17,499.23","17,693.98","17,438.60",1.34B,2.64%
8/1/2024,"17,194.14","17,647.03","17,791.59","17,051.42",1.32B,-2.30%
8/2/2024,"16,776.16","16,780.45","16,920.63","16,582.79",1.34B,-2.43%
8/5/2024,"16,200.08","15,712.53","16,453.46","15,708.54",1.53B,-3.43%
8/6/2024,"16,366.86","16,261.36","16,620.31","16,137.65",1.19B,1.03%
8/7/2024,"16,195.81","16,622.31","16,709.81","16,179.53",1.22B,-1.05%
8/8/2024,"16,660.02","16,408.27","16,694.25","16,262.93",1.17B,2.87%
8/9/2024,"16,745.30","16,636.52","16,789.22","16,574.57",1.01B,0.51%
8/12/2024,"16,780.61","16,793.64","16,895.79","16,699.39",4.10B,0.21%
8/13/2024,"17,187.61","16,944.73","17,192.79","16,943.95",1.07B,2.43%
8/14/2024,"17,192.60","17,227.64","17,260.73","17,032.17",948.92M,0.03%
8/15/2024,"17,594.50","17,394.54","17,602.72","17,375.41",1.13B,2.34%
8/16/2024,"17,631.72","17,516.40","17,674.65","17,502.82",989.75M,0.21%
8/19/2024,"17,876.77","17,649.74","17,877.44","17,585.58",1.01B,1.39%
8/20/2024,"17,816.94","17,849.09","17,932.53","17,758.20",905.04M,-0.33%
8/21/2024,"17,918.99","17,840.51","17,963.07","17,790.98",892.18M,0.57%
8/22/2024,"17,619.35","17,993.72","18,017.69","17,589.15",938.95M,-1.67%
8/23/2024,"17,877.79","17,772.73","17,941.27","17,700.27",1.00B,1.47%
8/26/2024,"17,725.77","17,867.85","17,909.09","17,645.69",924.58M,-0.85%
8/27/2024,"17,754.82","17,655.52","17,789.72","17,573.37",799.40M,0.16%
8/28/2024,"17,556.03","17,738.80","17,759.94","17,439.40",949.55M,-1.12%
8/29/2024,"17,516.43","17,610.57","17,789.21","17,482.60",974.88M,-0.23%
8/30/2024,"17,713.62","17,650.49","17,720.38","17,498.79",1.36B,1.13%
9/3/2024,"17,136.30","17,585.45","17,585.45","17,057.79",1.17B,-3.26%
9/4/2024,"17,084.30","17,015.71","17,232.65","16,984.67",966.70M,-0.30%
9/5/2024,"17,127.66","17,063.24","17,295.58","17,035.07",933.23M,0.25%
9/6/2024,"16,690.83","17,137.62","17,166.54","16,668.57",1.08B,-2.55%
9/9/2024,"16,884.60","16,835.67","16,923.28","16,732.84",1.04B,1.16%
9/10/2024,"17,025.88","16,949.64","17,036.07","16,801.13",936.37M,0.84%
9/11/2024,"17,395.53","17,061.41","17,420.23","16,787.84",1.10B,2.17%
9/12/2024,"17,569.68","17,413.89","17,605.72","17,338.32",952.15M,1.00%
9/13/2024,"17,683.98","17,575.26","17,719.14","17,564.61",927.28M,0.65%
9/16/2024,"17,592.13","17,573.70","17,618.40","17,480.66",876.14M,-0.52%
9/17/2024,"17,628.06","17,707.02","17,781.74","17,544.64",940.89M,0.20%
9/18/2024,"17,573.30","17,663.38","17,832.70","17,556.43",1.09B,-0.31%
9/19/2024,"18,013.98","17,980.89","18,099.93","17,909.75",1.17B,2.51%
9/20/2024,"17,948.32","17,999.35","18,024.34","17,835.64",3.61B,-0.36%
9/23/2024,"17,974.27","17,994.90","18,021.57","17,936.37",1.05B,0.14%
9/24/2024,"18,074.52","18,046.44","18,091.96","17,863.38",1.09B,0.56%
9/25/2024,"18,082.21","18,050.36","18,155.04","18,040.62",958.50M,0.04%
9/26/2024,"18,190.29","18,327.34","18,327.34","18,071.74",1.10B,0.60%
9/27/2024,"18,119.59","18,228.78","18,238.28","18,069.18",1.02B,-0.39%
9/30/2024,"18,189.17","18,069.83","18,198.16","17,997.56",1.20B,0.38%
10/1/2024,"17,910.36","18,154.94","18,162.72","17,779.77",1.11B,-1.53%
10/2/2024,"17,925.12","17,867.12","17,978.57","17,767.79",985.44M,0.08%
10/3/2024,"17,918.48","17,859.49","18,011.25","17,826.42",908.71M,-0.04%
10/4/2024,"18,137.85","18,130.42","18,145.28","17,952.30",950.41M,1.22%
