"Date","Price","Open","High","Low","Vol.","Change %"
"01/03/2022","96.211","95.600","96.330","95.600","16.79K","0.65%"
"01/04/2022","96.274","96.195","96.475","96.040","12.98K","0.07%"
"01/05/2022","96.182","96.330","96.335","95.885","18.72K","-0.10%"
"01/06/2022","96.326","96.210","96.400","96.035","14.33K","0.15%"
"01/07/2022","95.722","96.250","96.275","95.705","22.94K","-0.63%"
"01/10/2022","95.990","95.740","96.230","95.735","14.98K","0.28%"
"01/11/2022","95.625","95.905","96.075","95.575","14.22K","-0.38%"
"01/12/2022","94.901","95.585","95.690","94.890","28.21K","-0.76%"
"01/13/2022","94.775","94.975","95.010","94.635","20.14K","-0.13%"
"01/14/2022","95.161","94.830","95.255","94.610","19.21K","0.41%"
"01/17/2022","95.161","95.155","95.335","95.030","9.31K","0.00%"
"01/18/2022","95.723","95.150","95.810","95.105","24.08K","0.59%"
"01/19/2022","95.500","95.715","95.775","95.470","17.30K","-0.23%"
"01/20/2022","95.725","95.530","95.850","95.405","19.14K","0.24%"
"01/21/2022","95.636","95.795","95.835","95.485","13.74K","-0.09%"
"01/24/2022","95.901","95.675","96.130","95.625","20.38K","0.28%"
"01/25/2022","95.928","95.915","96.260","95.895","16.02K","0.03%"
"01/26/2022","96.400","95.950","96.535","95.900","23.31K","0.49%"
"01/27/2022","97.242","96.530","97.300","96.530","24.20K","0.87%"
"01/28/2022","97.266","97.220","97.440","97.050","22.33K","0.02%"
"01/31/2022","96.537","97.220","97.300","96.510","21.12K","-0.75%"
"02/01/2022","96.375","96.695","96.715","96.215","20.90K","-0.17%"
"02/02/2022","95.935","96.270","96.300","95.795","21.52K","-0.46%"
"02/03/2022","95.379","96.060","96.250","95.230","38.80K","-0.58%"
"02/04/2022","95.480","95.305","95.695","95.145","26.52K","0.11%"
"02/07/2022","95.392","95.415","95.620","95.340","16.24K","-0.09%"
"02/08/2022","95.641","95.420","95.745","95.390","16.55K","0.26%"
"02/09/2022","95.494","95.630","95.665","95.375","17.66K","-0.15%"
"02/10/2022","95.548","95.595","96.010","95.160","43.97K","0.06%"
"02/11/2022","96.073","95.850","96.135","95.630","33.61K","0.55%"
"02/14/2022","96.356","96.010","96.430","95.910","32.84K","0.29%"
"02/15/2022","95.993","96.230","96.290","95.950","22.73K","-0.38%"
"02/16/2022","95.697","95.980","96.055","95.665","17.17K","-0.31%"
"02/17/2022","95.803","95.805","96.115","95.680","34.05K","0.11%"
"02/18/2022","96.022","95.835","96.175","95.725","18.09K","0.23%"
"02/21/2022","96.020","96.120","96.145","95.650","22.84K","0.00%"
"02/22/2022","96.011","96.120","96.250","95.830","20.09K","-0.01%"
"02/23/2022","96.188","96.005","96.240","95.835","19.87K","0.18%"
"02/24/2022","97.118","96.255","97.735","96.255","53.31K","0.97%"
"02/25/2022","96.619","97.040","97.225","96.510","33.08K","-0.51%"
"02/28/2022","96.694","97.230","97.400","96.610","30.60K","0.08%"
"03/01/2022","97.406","96.810","97.575","96.625","28.47K","0.74%"
"03/02/2022","97.414","97.405","97.850","97.295","29.37K","0.01%"
"03/03/2022","97.791","97.480","97.965","97.440","21.77K","0.39%"
"03/04/2022","98.671","98.065","98.945","97.840","29.68K","0.90%"
"03/07/2022","99.295","98.635","99.425","98.625","52.82K","0.63%"
"03/08/2022","99.080","99.250","99.330","98.700","41.67K","-0.22%"
"03/09/2022","97.953","99.015","99.085","97.850","42.71K","-1.14%"
"03/10/2022","98.504","98.100","98.605","97.710","29.24K","0.56%"
"03/11/2022","99.130","98.470","99.155","98.260","13.65K","0.64%"
"03/14/2022","98.879","98.980","99.255","98.740","0.16K","-0.25%"
"03/15/2022","99.064","99.085","99.180","98.600","20.63K","0.19%"
"03/16/2022","98.621","98.910","99.100","98.295","23.70K","-0.45%"
"03/17/2022","97.975","98.455","98.480","97.715","18.55K","-0.66%"
"03/18/2022","98.227","97.980","98.635","97.845","13.96K","0.26%"
"03/21/2022","98.499","98.245","98.540","98.160","10.84K","0.28%"
"03/22/2022","98.523","98.495","98.960","98.315","16.05K","0.02%"
"03/23/2022","98.615","98.540","98.895","98.425","10.35K","0.09%"
"03/24/2022","98.800","98.630","98.965","98.600","16.48K","0.19%"
"03/25/2022","98.822","98.740","98.865","98.420","11.83K","0.02%"
"03/28/2022","99.055","98.840","99.365","98.820","22.62K","0.24%"
"03/29/2022","98.441","99.050","99.265","98.055","32.14K","-0.62%"
"03/30/2022","97.875","98.465","98.490","97.730","20.77K","-0.57%"
"03/31/2022","98.360","97.900","98.440","97.760","21.39K","0.50%"
"04/01/2022","98.627","98.360","98.755","98.345","16.69K","0.27%"
"04/04/2022","98.974","98.630","99.070","98.515","14.02K","0.35%"
"04/05/2022","99.428","98.975","99.505","98.820","25.44K","0.46%"
"04/06/2022","99.615","99.480","99.800","99.315","27.26K","0.19%"
"04/07/2022","99.760","99.665","99.850","99.435","17.54K","0.15%"
"04/08/2022","99.753","99.825","100.200","99.745","25.96K","-0.01%"
"04/11/2022","99.924","99.690","100.050","99.610","14.58K","0.17%"
"04/12/2022","100.292","100.020","100.335","99.740","21.00K","0.37%"
"04/13/2022","99.913","100.320","100.515","99.805","33.30K","-0.38%"
"04/14/2022","100.326","99.840","100.770","99.555","39.50K","0.41%"
"04/18/2022","100.766","100.470","100.850","100.450","10.33K","0.44%"
"04/19/2022","100.964","100.800","101.030","100.680","14.35K","0.20%"
"04/20/2022","100.417","101.000","101.045","100.215","26.31K","-0.54%"
"04/21/2022","100.614","100.350","100.675","99.810","32.55K","0.20%"
"04/22/2022","101.213","100.635","101.340","100.485","30.37K","0.60%"
"04/25/2022","101.769","101.105","101.865","101.050","19.57K","0.55%"
"04/26/2022","102.318","101.705","102.370","101.535","23.22K","0.54%"
"04/27/2022","102.963","102.330","103.290","102.240","37.47K","0.63%"
"04/28/2022","103.659","103.025","103.950","103.010","54.11K","0.68%"
"04/29/2022","102.963","103.685","103.685","102.810","43.62K","-0.67%"
"05/02/2022","103.766","103.225","103.775","103.120","14.29K","0.78%"
"05/03/2022","103.496","103.600","103.700","103.060","13.75K","-0.26%"
"05/04/2022","102.594","103.480","103.670","102.480","26.02K","-0.87%"
"05/05/2022","103.802","102.570","103.970","102.375","42.44K","1.18%"
"05/06/2022","103.694","103.610","104.105","103.235","30.56K","-0.10%"
"05/09/2022","103.689","103.690","104.210","103.420","33.56K","0.00%"
"05/10/2022","103.943","103.725","104.005","103.530","21.95K","0.24%"
"05/11/2022","103.874","103.960","104.155","103.405","","-0.07%"
"05/12/2022","104.897","104.070","104.955","103.915","45.49K","0.98%"
"05/13/2022","104.621","104.835","105.065","104.500","33.58K","-0.26%"
"05/16/2022","104.200","104.650","104.700","104.155","22.16K","-0.40%"
"05/17/2022","103.407","104.175","104.260","103.250","28.48K","-0.76%"
"05/18/2022","103.862","103.350","103.960","103.235","30.63K","0.44%"
"05/19/2022","102.751","103.870","103.935","102.695","28.63K","-1.07%"
"05/20/2022","103.173","102.950","103.295","102.805","20.45K","0.41%"
"05/23/2022","102.097","103.020","103.070","102.045","31.09K","-1.04%"
"05/24/2022","101.870","102.145","102.335","101.655","28.49K","-0.22%"
"05/25/2022","102.077","101.760","102.470","101.750","22.75K","0.20%"
"05/26/2022","101.858","102.100","102.290","101.760","13.82K","-0.21%"
"05/27/2022","101.698","101.750","101.955","101.455","16.94K","-0.16%"
"05/30/2022","101.305","101.670","101.735","101.300","10.53K","-0.39%"
"05/31/2022","101.766","101.420","102.205","101.420","20.17K","0.46%"
"06/01/2022","102.529","101.770","102.750","101.770","19.39K","0.75%"
"06/02/2022","101.832","102.600","102.645","101.745","21.91K","-0.68%"
"06/03/2022","102.160","101.780","102.245","101.660","14.93K","0.32%"
"06/06/2022","102.447","102.230","102.475","101.865","20.90K","0.28%"
"06/07/2022","102.325","102.475","102.850","102.260","26.22K","-0.12%"
"06/08/2022","102.546","102.405","102.780","102.265","34.47K","0.22%"
"06/09/2022","103.218","102.590","103.365","102.090","32.61K","0.66%"
"06/10/2022","104.151","103.300","104.235","103.060","18.28K","0.90%"
"06/13/2022","104.947","104.290","104.825","104.290","0.58K","0.76%"
"06/14/2022","105.342","105.005","105.475","104.480","33.47K","0.38%"
"06/15/2022","104.935","105.130","105.565","104.425","61.62K","-0.39%"
"06/16/2022","103.417","104.600","105.280","103.200","45.61K","-1.45%"
"06/17/2022","104.488","103.685","104.885","103.640","33.36K","1.04%"
"06/20/2022","104.488","104.500","104.590","104.015","12.23K","0.00%"
"06/21/2022","104.211","104.245","104.315","103.730","15.50K","-0.27%"
"06/22/2022","103.981","104.215","104.730","103.615","27.61K","-0.22%"
"06/23/2022","104.192","104.000","104.545","103.840","33.25K","0.20%"
"06/24/2022","103.959","104.155","104.280","103.740","26.03K","-0.22%"
"06/27/2022","103.678","103.865","103.995","103.420","21.55K","-0.27%"
"06/28/2022","104.261","103.705","104.370","103.505","20.86K","0.56%"
"06/29/2022","104.849","104.270","104.895","104.140","31.70K","0.56%"
"06/30/2022","104.464","104.835","105.315","104.405","30.31K","-0.37%"
"07/01/2022","104.909","104.515","105.440","104.515","20.12K","0.43%"
"07/04/2022","104.909","104.910","105.055","104.580","10.92K","0.00%"
"07/05/2022","106.320","104.915","106.580","104.835","50.06K","1.34%"
"07/06/2022","106.898","106.330","107.070","106.135","38.05K","0.54%"
"07/07/2022","106.959","106.870","107.050","106.530","21.33K","0.06%"
"07/08/2022","106.821","106.835","107.615","106.640","40.05K","-0.13%"
"07/11/2022","107.829","106.685","108.085","106.685","25.53K","0.94%"
"07/12/2022","107.912","107.995","108.420","107.670","31.34K","0.08%"
"07/13/2022","107.756","108.030","108.415","107.270","38.69K","-0.14%"
"07/14/2022","108.407","108.070","109.140","108.015","42.04K","0.60%"
"07/15/2022","107.911","108.440","108.585","107.760","24.43K","-0.46%"
"07/18/2022","107.231","107.815","107.900","106.745","28.18K","-0.63%"
"07/19/2022","106.550","107.300","107.490","106.250","39.64K","-0.64%"
"07/20/2022","106.953","106.555","107.130","106.230","31.20K","0.38%"
"07/21/2022","106.804","106.975","107.250","106.300","36.50K","-0.14%"
"07/22/2022","106.621","106.525","107.250","105.990","39.75K","-0.17%"
"07/25/2022","106.355","106.405","106.760","106.065","23.70K","-0.25%"
"07/26/2022","107.044","106.315","107.150","106.055","29.92K","0.65%"
"07/27/2022","106.331","107.020","107.300","106.130","48.13K","-0.67%"
"07/28/2022","106.236","106.265","106.850","105.925","39.03K","-0.09%"
"07/29/2022","105.779","106.070","106.535","105.410","41.38K","-0.43%"
"08/01/2022","105.336","105.730","105.920","105.105","28.39K","-0.42%"
"08/02/2022","106.104","105.250","106.200","104.920","38.60K","0.73%"
"08/03/2022","106.377","106.255","106.700","105.855","42.57K","0.26%"
"08/04/2022","105.566","106.365","106.410","105.540","25.63K","-0.76%"
"08/05/2022","106.490","105.610","106.810","105.580","42.82K","0.88%"
"08/08/2022","106.323","106.490","106.670","105.975","31.70K","-0.16%"
"08/09/2022","106.252","106.240","106.310","105.855","16.79K","-0.07%"
"08/10/2022","105.080","106.220","106.290","104.515","41.86K","-1.10%"
"08/11/2022","104.994","105.105","105.335","104.520","33.29K","-0.08%"
"08/12/2022","105.510","105.015","105.770","104.970","34.92K","0.49%"
"08/15/2022","106.433","105.515","106.435","105.435","39.74K","0.87%"
"08/16/2022","106.388","106.365","106.840","106.205","25.80K","-0.04%"
"08/17/2022","106.486","106.370","106.795","106.180","23.27K","0.09%"
"08/18/2022","107.415","106.575","107.495","106.425","33.75K","0.87%"
"08/19/2022","108.098","107.415","108.140","107.415","35.34K","0.64%"
"08/22/2022","108.981","108.055","109.025","108.020","42.10K","0.82%"
"08/23/2022","108.554","108.915","109.205","107.990","49.63K","-0.39%"
"08/24/2022","108.616","108.490","109.055","108.295","23.54K","0.06%"
"08/25/2022","108.433","108.605","108.645","107.945","21.60K","-0.17%"
"08/26/2022","108.751","108.425","108.825","107.480","42.70K","0.29%"
"08/29/2022","108.790","108.800","109.445","108.435","31.42K","0.04%"
"08/30/2022","108.749","108.635","109.085","108.235","28.11K","-0.04%"
"08/31/2022","108.665","108.730","109.170","108.335","27.08K","-0.08%"
"09/01/2022","109.678","108.825","109.980","108.735","33.69K","0.93%"
"09/02/2022","109.510","109.600","109.695","108.910","34.48K","-0.15%"
"09/05/2022","109.510","109.825","110.260","109.695","19.16K","0.00%"
"09/06/2022","110.204","109.605","110.550","109.370","30.82K","0.63%"
"09/07/2022","109.832","110.320","110.785","109.515","40.29K","-0.34%"
"09/08/2022","109.713","109.695","110.250","109.290","51.70K","-0.11%"
"09/09/2022","108.997","109.540","109.550","108.350","38.77K","-0.65%"
"09/12/2022","108.316","108.620","108.865","107.800","50.93K","-0.62%"
"09/13/2022","109.809","108.210","109.920","107.670","44.30K","1.38%"
"09/14/2022","109.631","109.835","109.920","109.265","54.43K","-0.16%"
"09/15/2022","109.711","109.585","109.925","109.375","21.84K","0.07%"
"09/16/2022","109.736","109.785","110.260","109.450","14.36K","0.02%"
"09/19/2022","109.982","109.700","110.080","109.540","0.14K","0.22%"
"09/20/2022","109.942","109.290","110.015","109.075","28.29K","-0.04%"
"09/21/2022","110.346","109.900","111.360","109.860","51.63K","0.37%"
"09/22/2022","111.105","111.220","111.580","110.220","55.61K","0.69%"
"09/23/2022","112.962","111.005","113.000","110.840","54.78K","1.67%"
"09/26/2022","114.020","112.990","114.445","112.665","87.87K","0.94%"
"09/27/2022","114.047","113.845","114.425","113.260","55.23K","0.02%"
"09/28/2022","112.508","114.105","114.745","112.455","99.32K","-1.35%"
"09/29/2022","112.202","112.960","113.720","111.950","56.44K","-0.27%"
"09/30/2022","112.084","111.810","112.700","111.540","54.60K","-0.11%"
"10/03/2022","111.656","112.150","112.530","111.405","39.38K","-0.38%"
"10/04/2022","109.981","111.505","111.825","109.965","51.31K","-1.50%"
"10/05/2022","111.011","110.075","111.655","109.985","37.55K","0.94%"
"10/06/2022","112.183","110.880","112.235","110.720","33.41K","1.06%"
"10/07/2022","112.683","112.215","112.775","111.865","42.76K","0.45%"
"10/10/2022","113.071","112.655","113.285","112.510","34.69K","0.34%"
"10/11/2022","113.128","113.005","113.470","112.295","47.26K","0.05%"
"10/12/2022","113.224","113.230","113.495","112.905","39.16K","0.08%"
"10/13/2022","112.253","113.175","113.850","112.020","78.59K","-0.86%"
"10/14/2022","113.202","112.475","113.300","112.060","47.79K","0.85%"
"10/17/2022","111.908","113.170","113.170","111.790","41.50K","-1.14%"
"10/18/2022","111.994","111.970","112.350","111.630","41.68K","0.08%"
"10/19/2022","112.879","111.815","112.995","111.780","34.23K","0.79%"
"10/20/2022","112.818","112.900","113.030","112.050","39.69K","-0.05%"
"10/21/2022","111.980","112.845","113.835","111.575","113.49K","-0.74%"
"10/24/2022","111.909","111.605","112.465","111.335","40.55K","-0.06%"
"10/25/2022","110.830","111.815","112.065","110.625","49.49K","-0.96%"
"10/26/2022","109.552","110.840","111.015","109.465","50.48K","-1.15%"
"10/27/2022","110.453","109.450","110.480","109.365","50.40K","0.82%"
"10/28/2022","110.606","110.395","110.925","110.135","38.12K","0.14%"
"10/31/2022","111.420","110.675","111.535","110.585","24.96K","0.74%"
"11/01/2022","111.359","111.440","111.655","110.565","36.50K","-0.05%"
"11/02/2022","111.226","111.365","112.025","110.260","48.15K","-0.12%"
"11/03/2022","112.804","112.030","113.045","111.705","50.91K","1.42%"
"11/04/2022","110.774","112.875","112.875","110.610","62.90K","-1.80%"
"11/07/2022","109.993","111.000","111.170","109.920","34.39K","-0.71%"
"11/08/2022","109.542","110.000","110.500","109.240","37.00K","-0.41%"
"11/09/2022","110.460","109.625","110.545","109.355","46.85K","0.84%"
"11/10/2022","108.092","110.205","110.890","107.585","71.97K","-2.14%"
"11/11/2022","106.164","108.050","108.320","106.140","55.54K","-1.78%"
"11/14/2022","106.531","106.655","107.150","106.330","40.26K","0.35%"
"11/15/2022","106.295","106.900","106.995","105.155","75.91K","-0.22%"
"11/16/2022","106.152","106.470","106.665","105.720","46.22K","-0.13%"
"11/17/2022","106.592","106.250","107.140","105.975","35.05K","0.41%"
"11/18/2022","106.826","106.485","106.920","106.230","27.11K","0.22%"
"11/21/2022","107.732","106.910","107.895","106.780","23.69K","0.85%"
"11/22/2022","107.115","107.570","107.660","107.010","20.07K","-0.57%"
"11/23/2022","105.967","107.045","107.135","105.910","31.04K","-1.07%"
"11/24/2022","105.967","105.880","105.995","105.545","13.44K","0.00%"
"11/25/2022","105.917","105.845","106.345","105.605","16.78K","-0.05%"
"11/28/2022","106.632","106.120","106.695","105.255","42.07K","0.68%"
"11/29/2022","106.768","106.605","106.820","105.995","24.38K","0.13%"
"11/30/2022","105.897","106.660","107.150","105.710","37.35K","-0.82%"
"12/01/2022","104.689","105.570","105.860","104.550","43.75K","-1.14%"
"12/02/2022","104.500","104.795","105.575","103.935","43.74K","-0.18%"
"12/05/2022","105.239","104.435","105.360","104.065","35.49K","0.71%"
"12/06/2022","105.542","105.095","105.585","104.850","28.96K","0.29%"
"12/07/2022","105.056","105.565","105.800","104.820","33.34K","-0.46%"
"12/08/2022","104.756","105.225","105.415","104.685","26.31K","-0.29%"
"12/09/2022","104.799","104.770","105.200","104.410","38.53K","0.04%"
"12/12/2022","105.104","104.850","105.235","104.640","29.21K","0.29%"
"12/13/2022","103.943","104.940","105.085","103.530","34.51K","-1.10%"
"12/14/2022","103.739","103.990","104.195","103.395","49.73K","-0.20%"
"12/15/2022","104.532","103.610","104.860","103.500","40.25K","0.76%"
"12/16/2022","104.661","104.460","104.815","104.230","15.35K","0.12%"
"12/19/2022","104.595","104.625","104.655","104.150","0.06K","-0.06%"
"12/20/2022","103.606","104.370","104.415","103.400","30.55K","-0.95%"
"12/21/2022","103.847","103.625","104.065","103.515","16.95K","0.23%"
"12/22/2022","104.127","103.800","104.300","103.435","21.05K","0.27%"
"12/23/2022","104.010","104.175","104.235","103.815","15.93K","-0.11%"
"12/27/2022","103.893","103.835","104.110","103.585","13.28K","-0.11%"
"12/28/2022","104.182","104.005","104.270","103.565","19.01K","0.28%"
"12/29/2022","103.586","104.080","104.215","103.535","14.45K","-0.57%"
"12/30/2022","103.269","103.640","103.865","103.145","22.93K","-0.31%"
"01/03/2023","104.312","103.445","104.650","103.235","32.36K","1.01%"
"01/04/2023","104.021","104.375","104.385","103.595","22.70K","-0.28%"
"01/05/2023","104.828","103.830","105.060","103.780","26.34K","0.78%"
"01/06/2023","103.646","104.840","105.500","103.620","38.59K","-1.13%"
"01/09/2023","102.743","103.690","103.690","102.680","35.68K","-0.87%"
"01/10/2023","102.980","102.975","103.250","102.770","20.58K","0.23%"
"01/11/2023","102.928","102.980","103.230","102.850","22.72K","-0.05%"
"01/12/2023","101.995","102.900","103.100","101.810","52.38K","-0.91%"
"01/13/2023","101.946","102.000","102.395","101.720","24.05K","-0.05%"
"01/16/2023","101.946","101.900","102.300","101.465","11.92K","0.00%"
"01/17/2023","102.141","102.045","102.325","101.680","27.43K","0.19%"
"01/18/2023","102.107","102.255","102.655","101.265","40.26K","-0.03%"
"01/19/2023","101.831","102.200","102.265","101.760","20.17K","-0.27%"
"01/20/2023","101.781","101.855","102.320","101.700","16.66K","-0.05%"
"01/23/2023","101.916","101.720","102.040","101.345","21.42K","0.13%"
"01/24/2023","101.675","101.770","102.205","101.485","22.22K","-0.24%"
"01/25/2023","101.416","101.735","101.890","101.330","23.31K","-0.25%"
"01/26/2023","101.638","101.395","101.985","101.295","23.08K","0.22%"
"01/27/2023","101.721","101.520","101.990","101.490","18.24K","0.08%"
"01/30/2023","102.086","101.750","102.125","101.460","21.43K","0.36%"
"01/31/2023","101.915","102.015","102.450","101.825","31.11K","-0.17%"
"02/01/2023","101.028","101.925","102.015","100.805","36.73K","-0.87%"
"02/02/2023","101.575","100.750","101.745","100.680","42.49K","0.54%"
"02/03/2023","102.755","101.650","102.850","101.380","39.17K","1.16%"
"02/06/2023","103.498","102.895","103.650","102.845","37.02K","0.72%"
"02/07/2023","103.298","103.415","103.850","102.870","27.28K","-0.19%"
"02/08/2023","103.272","103.170","103.385","102.880","17.73K","-0.03%"
"02/09/2023","103.106","103.385","103.450","102.520","21.83K","-0.16%"
"02/10/2023","103.535","103.120","103.590","102.800","21.58K","0.42%"
"02/13/2023","103.248","103.435","103.745","103.125","15.17K","-0.28%"
"02/14/2023","103.123","103.100","103.440","102.390","37.12K","-0.12%"
"02/15/2023","103.839","103.120","104.030","103.070","24.33K","0.69%"
"02/16/2023","103.791","103.815","104.170","103.465","29.83K","-0.05%"
"02/17/2023","103.780","104.095","104.605","103.765","24.05K","-0.01%"
"02/20/2023","103.780","103.830","104.020","103.685","9.41K","0.00%"
"02/21/2023","104.112","103.850","104.200","103.700","17.92K","0.32%"
"02/22/2023","104.523","104.030","104.540","103.945","15.07K","0.39%"
"02/23/2023","104.539","104.430","104.735","104.265","15.24K","0.02%"
"02/24/2023","105.158","104.445","105.275","104.375","23.92K","0.59%"
"02/27/2023","104.624","105.210","105.320","104.490","17.99K","-0.51%"
"02/28/2023","104.825","104.610","104.950","104.360","18.88K","0.19%"
"03/01/2023","104.432","104.985","105.035","104.045","26.13K","-0.37%"
"03/02/2023","104.995","104.440","105.155","104.420","18.33K","0.54%"
"03/03/2023","104.488","104.845","104.985","104.450","19.11K","-0.48%"
"03/06/2023","104.325","104.540","104.665","104.130","21.76K","-0.16%"
"03/07/2023","105.592","104.275","105.635","104.095","24.98K","1.21%"
"03/08/2023","105.634","105.600","105.870","105.335","31.06K","0.04%"
"03/09/2023","105.305","105.645","105.730","105.135","24.40K","-0.31%"
"03/10/2023","104.552","105.120","105.365","104.025","22.05K","-0.72%"
"03/13/2023","103.713","104.085","104.340","103.730","0.15K","-0.80%"
"03/14/2023","103.215","103.245","103.780","103.085","19.86K","-0.48%"
"03/15/2023","104.276","103.325","104.720","103.045","27.71K","1.03%"
"03/16/2023","104.092","104.340","104.405","103.895","27.79K","-0.18%"
"03/17/2023","103.360","104.100","104.125","103.335","18.18K","-0.70%"
"03/20/2023","102.933","103.415","103.640","102.905","14.83K","-0.41%"
"03/21/2023","102.897","102.960","103.145","102.635","12.93K","-0.03%"
"03/22/2023","101.972","102.840","102.910","101.670","19.34K","-0.90%"
"03/23/2023","102.207","102.095","102.295","101.555","22.48K","0.23%"
"03/24/2023","102.764","102.265","103.025","102.165","14.23K","0.54%"
"03/27/2023","102.518","102.770","102.895","102.480","7.36K","-0.24%"
"03/28/2023","102.106","102.425","102.430","102.040","9.38K","-0.40%"
"03/29/2023","102.298","102.130","102.440","102.030","10.00K","0.19%"
"03/30/2023","101.821","102.305","102.460","101.750","8.87K","-0.47%"
"03/31/2023","102.186","101.905","102.305","101.730","12.30K","0.36%"
"04/03/2023","101.787","102.270","102.745","101.560","16.16K","-0.39%"
"04/04/2023","101.267","101.735","101.950","101.140","15.26K","-0.51%"
"04/05/2023","101.545","101.245","101.680","101.090","16.08K","0.27%"
"04/06/2023","101.519","101.575","101.830","101.435","9.87K","-0.03%"
"04/07/2023","101.737","101.645","101.980","101.565","","0.21%"
"04/10/2023","102.249","101.730","102.480","101.655","11.16K","0.50%"
"04/11/2023","101.884","102.170","102.190","101.695","7.76K","-0.36%"
"04/12/2023","101.171","101.795","101.835","101.115","15.77K","-0.70%"
"04/13/2023","100.700","101.170","101.290","100.530","15.17K","-0.47%"
"04/14/2023","101.245","100.670","101.430","100.420","19.61K","0.54%"
"04/17/2023","101.796","101.285","101.925","101.225","12.81K","0.54%"
"04/18/2023","101.448","101.830","101.855","101.335","10.91K","-0.34%"
"04/19/2023","101.668","101.430","101.940","101.365","11.48K","0.22%"
"04/20/2023","101.566","101.695","101.845","101.350","10.87K","-0.10%"
"04/21/2023","101.552","101.520","101.855","101.370","10.51K","-0.01%"
"04/24/2023","101.073","101.450","101.635","101.055","11.95K","-0.47%"
"04/25/2023","101.592","101.000","101.675","100.930","12.84K","0.51%"
"04/26/2023","101.205","101.570","101.630","100.740","16.27K","-0.38%"
"04/27/2023","101.252","101.160","101.560","100.930","11.33K","0.05%"
"04/28/2023","101.403","101.210","102.040","101.170","19.70K","0.15%"
"05/01/2023","101.920","101.405","101.960","101.390","14.67K","0.51%"
"05/02/2023","101.725","101.930","102.185","101.640","16.72K","-0.19%"
"05/03/2023","101.115","101.650","101.700","100.835","17.19K","-0.60%"
"05/04/2023","101.184","101.025","101.415","100.520","21.79K","0.07%"
"05/05/2023","100.999","101.135","101.555","100.900","13.39K","-0.18%"
"05/08/2023","101.155","101.045","101.200","100.825","7.55K","0.15%"
"05/09/2023","101.399","101.210","101.635","101.155","10.44K","0.24%"
"05/10/2023","101.269","101.415","101.605","101.000","13.69K","-0.13%"
"05/11/2023","101.873","101.220","101.970","101.115","16.11K","0.60%"
"05/12/2023","102.509","101.905","102.545","101.755","16.12K","0.62%"
"05/15/2023","102.271","102.515","102.585","102.195","12.27K","-0.23%"
"05/16/2023","102.404","102.275","102.535","102.040","10.19K","0.13%"
"05/17/2023","102.726","102.440","102.960","102.375","9.98K","0.31%"
"05/18/2023","103.455","102.740","103.490","102.650","13.98K","0.71%"
"05/19/2023","103.079","103.390","103.490","102.870","18.44K","-0.36%"
"05/22/2023","103.079","103.020","103.255","102.845","9.76K","0.00%"
"05/23/2023","103.385","103.160","103.545","103.055","14.06K","0.30%"
"05/24/2023","103.799","103.445","103.830","103.260","15.31K","0.40%"
"05/25/2023","104.175","103.775","104.245","103.775","15.07K","0.36%"
"05/26/2023","104.136","104.165","104.340","103.715","15.66K","-0.04%"
"05/29/2023","104.136","104.175","104.230","103.970","5.27K","0.00%"
"05/30/2023","104.078","104.230","104.445","103.785","11.54K","-0.06%"
"05/31/2023","104.245","103.990","104.615","103.935","16.96K","0.16%"
"06/01/2023","103.502","104.105","104.440","103.435","16.36K","-0.71%"
"06/02/2023","103.952","103.485","104.035","103.315","12.82K","0.43%"
"06/05/2023","103.936","103.975","104.360","103.870","12.97K","-0.02%"
"06/06/2023","104.074","103.950","104.315","103.755","10.57K","0.13%"
"06/07/2023","104.055","104.035","104.250","103.565","12.57K","-0.02%"
"06/08/2023","103.316","104.005","104.045","103.270","12.49K","-0.71%"
"06/09/2023","103.533","103.300","103.585","103.280","11.96K","0.21%"
"06/12/2023","103.631","103.545","103.740","103.230","13.91K","0.09%"
"06/13/2023","103.318","103.570","103.610","103.025","20.14K","-0.30%"
"06/14/2023","102.916","103.275","103.385","102.635","19.73K","-0.39%"
"06/15/2023","102.108","102.920","103.360","102.090","10.20K","-0.79%"
"06/16/2023","102.258","102.110","102.255","102.050","2.37K","0.15%"
"06/19/2023","101.838","101.875","102.140","101.845","4.53K","-0.41%"
"06/20/2023","102.125","102.075","102.375","101.920","13.52K","0.28%"
"06/21/2023","101.676","102.090","102.305","101.620","12.80K","-0.44%"
"06/22/2023","101.994","101.665","102.085","101.485","13.60K","0.31%"
"06/23/2023","102.542","102.005","102.785","101.985","13.13K","0.54%"
"06/26/2023","102.334","102.510","102.510","102.250","8.36K","-0.20%"
"06/27/2023","102.127","102.385","102.445","101.960","10.82K","-0.20%"
"06/28/2023","102.548","102.155","102.815","102.120","13.32K","0.41%"
"06/29/2023","103.008","102.625","103.110","102.455","13.45K","0.45%"
"06/30/2023","102.587","103.025","103.230","102.430","12.82K","-0.41%"
"07/03/2023","102.654","102.645","102.955","102.415","9.27K","0.07%"
"07/04/2023","102.654","102.630","102.765","102.550","4.46K","0.00%"
"07/05/2023","103.035","102.730","103.055","102.630","11.66K","0.37%"
"07/06/2023","102.867","103.025","103.275","102.605","21.21K","-0.16%"
"07/07/2023","101.950","102.785","102.875","101.910","19.42K","-0.89%"
"07/10/2023","101.642","101.970","102.235","101.610","13.11K","-0.30%"
"07/11/2023","101.403","101.610","101.650","101.315","11.73K","-0.24%"
"07/12/2023","100.193","101.295","101.295","100.180","21.38K","-1.19%"
"07/13/2023","99.456","100.205","100.295","99.425","13.36K","-0.74%"
"07/14/2023","99.605","99.465","99.705","99.260","17.93K","0.15%"
"07/17/2023","99.529","99.665","99.865","99.450","14.61K","-0.08%"
"07/18/2023","99.625","99.595","99.790","99.220","19.20K","0.10%"
"07/19/2023","99.988","99.650","100.245","99.605","13.47K","0.36%"
"07/20/2023","100.597","99.965","100.685","99.745","15.36K","0.61%"
"07/21/2023","100.798","100.505","100.925","100.450","13.83K","0.20%"
"07/24/2023","101.083","100.715","101.160","100.625","14.30K","0.28%"
"07/25/2023","101.096","101.150","101.395","100.930","10.85K","0.01%"
"07/26/2023","100.636","101.055","101.190","100.595","18.45K","-0.46%"
"07/27/2023","101.544","100.845","101.615","100.320","","0.90%"
"07/28/2023","101.399","101.480","101.825","101.095","19.39K","-0.14%"
"07/31/2023","101.626","101.460","101.665","101.295","","0.22%"
"08/01/2023","102.085","101.660","102.225","101.620","14.73K","0.45%"
"08/02/2023","102.389","101.815","102.580","101.785","12.80K","0.30%"
"08/03/2023","102.350","102.415","102.655","102.175","15.14K","-0.04%"
"08/04/2023","101.836","102.290","102.450","101.550","18.99K","-0.50%"
"08/07/2023","101.861","101.840","102.190","101.770","","0.02%"
"08/08/2023","102.340","101.895","102.630","101.885","11.41K","0.47%"
"08/09/2023","102.312","102.350","102.405","102.120","8.12K","-0.03%"
"08/10/2023","102.367","102.330","102.500","101.600","17.71K","0.05%"
"08/11/2023","102.689","102.490","102.765","102.265","17.97K","0.31%"
"08/14/2023","103.058","102.715","103.325","102.630","16.47K","0.36%"
"08/15/2023","103.095","103.000","103.160","102.680","","0.04%"
"08/16/2023","103.319","103.095","103.410","102.825","14.04K","0.22%"
"08/17/2023","103.470","103.365","103.495","102.945","16.79K","0.15%"
"08/18/2023","103.276","103.310","103.575","103.130","12.52K","-0.19%"
"08/21/2023","103.206","103.270","103.410","103.050","12.44K","-0.07%"
"08/22/2023","103.473","103.220","103.625","102.925","16.28K","0.26%"
"08/23/2023","103.333","103.515","103.905","103.215","19.58K","-0.14%"
"08/24/2023","103.919","103.275","103.965","103.190","16.06K","0.57%"
"08/25/2023","104.013","104.015","104.385","103.675","20.83K","0.09%"
"08/28/2023","103.992","104.155","104.155","103.925","9.95K","-0.02%"
"08/29/2023","103.471","103.905","104.295","103.305","18.40K","-0.50%"
"08/30/2023","103.093","103.480","103.635","102.855","18.83K","-0.37%"
"08/31/2023","103.587","103.085","103.690","102.955","17.59K","0.48%"
"09/01/2023","104.191","103.585","104.255","103.215","19.16K","0.58%"
"09/04/2023","104.191","104.200","104.245","103.980","4.23K","0.00%"
"09/05/2023","104.763","104.100","104.855","104.070","15.42K","0.55%"
"09/06/2023","104.821","104.720","105.015","104.550","12.58K","0.06%"
"09/07/2023","105.028","104.830","105.125","104.785","15.07K","0.20%"
"09/08/2023","105.066","105.020","105.070","104.630","21.73K","0.04%"
"09/11/2023","104.539","104.840","104.905","104.390","17.46K","-0.50%"
"09/12/2023","104.690","104.560","104.905","104.400","16.20K","0.14%"
"09/13/2023","104.749","104.585","105.000","104.500","24.40K","0.06%"
"09/14/2023","105.395","104.750","105.430","104.565","24.24K","0.62%"
"09/15/2023","105.325","105.400","105.420","105.085","9.74K","-0.07%"
"09/18/2023","105.292","105.260","105.300","105.200","0.12K","-0.03%"
"09/19/2023","104.832","104.760","104.890","104.465","10.31K","-0.44%"
"09/20/2023","104.788","104.790","105.125","104.345","15.43K","-0.04%"
"09/21/2023","105.044","105.130","105.440","104.960","16.09K","0.24%"
"09/22/2023","105.260","105.085","105.465","104.995","13.22K","0.21%"
"09/25/2023","105.690","105.260","105.785","105.200","12.61K","0.41%"
"09/26/2023","105.930","105.645","105.960","105.560","11.63K","0.23%"
"09/27/2023","106.366","105.910","106.540","105.870","18.68K","0.41%"
"09/28/2023","105.933","106.385","106.475","105.735","19.73K","-0.41%"
"09/29/2023","105.815","105.875","105.940","105.335","25.04K","-0.11%"
"10/02/2023","106.606","105.880","106.740","105.750","18.68K","0.75%"
"10/03/2023","106.719","106.710","107.050","106.510","21.66K","0.11%"
"10/04/2023","106.530","106.810","106.970","106.245","16.09K","-0.18%"
"10/05/2023","106.065","106.525","106.610","106.050","16.18K","-0.44%"
"10/06/2023","105.784","106.100","106.705","105.680","22.17K","-0.26%"
"10/09/2023","105.811","106.005","106.340","105.760","14.45K","0.03%"
"10/10/2023","105.557","105.715","105.990","105.410","14.80K","-0.24%"
"10/11/2023","105.569","105.505","105.765","105.305","15.34K","0.01%"
"10/12/2023","106.367","105.445","106.375","105.290","15.23K","0.76%"
"10/13/2023","106.434","106.290","106.565","106.060","13.28K","0.06%"
"10/16/2023","106.034","106.405","106.415","105.975","14.01K","-0.38%"
"10/17/2023","106.046","106.040","106.315","105.810","16.45K","0.01%"
"10/18/2023","106.354","106.020","106.435","105.805","13.44K","0.29%"
"10/19/2023","106.046","106.370","106.485","105.745","17.78K","-0.29%"
"10/20/2023","105.988","106.030","106.230","105.885","10.75K","-0.05%"
"10/23/2023","105.334","105.985","106.150","105.315","15.88K","-0.62%"
"10/24/2023","106.080","105.395","106.135","105.155","19.12K","0.71%"
"10/25/2023","106.352","106.050","106.395","105.965","11.87K","0.26%"
"10/26/2023","106.422","106.400","106.780","106.360","16.60K","0.07%"
"10/27/2023","106.380","106.420","106.625","106.135","15.80K","-0.04%"
"10/30/2023","105.934","106.380","106.530","105.875","13.06K","-0.42%"
"10/31/2023","106.494","105.995","106.690","105.725","18.45K","0.53%"
"11/01/2023","106.715","106.530","106.985","106.450","21.85K","0.21%"
"11/02/2023","105.977","106.335","106.335","105.650","16.20K","-0.69%"
"11/03/2023","104.859","106.045","106.075","104.780","26.33K","-1.05%"
"11/06/2023","105.046","104.915","105.120","104.690","13.61K","0.18%"
"11/07/2023","105.373","105.130","105.610","105.130","14.56K","0.31%"
"11/08/2023","105.448","105.440","105.715","105.295","11.93K","0.07%"
"11/09/2023","105.780","105.430","105.830","105.240","16.14K","0.31%"
"11/10/2023","105.725","105.760","105.960","105.595","10.68K","-0.05%"
"11/13/2023","105.503","105.635","105.820","105.445","10.16K","-0.21%"
"11/14/2023","103.907","105.540","105.765","103.840","31.00K","-1.51%"
"11/15/2023","104.265","104.045","104.370","103.810","20.71K","0.34%"
"11/16/2023","104.233","104.225","104.440","103.880","15.83K","-0.03%"
"11/17/2023","103.795","104.250","104.425","103.680","15.85K","-0.42%"
"11/20/2023","103.317","103.710","103.855","103.255","14.12K","-0.46%"
"11/21/2023","103.449","103.310","103.600","103.070","15.21K","0.13%"
"11/22/2023","103.825","103.435","104.115","103.375","18.38K","0.36%"
"11/23/2023","103.825","103.740","103.780","103.430","6.69K","0.00%"
"11/24/2023","103.304","103.630","103.745","103.255","9.24K","-0.50%"
"11/27/2023","103.105","103.315","103.440","103.060","11.78K","-0.19%"
"11/28/2023","102.649","103.045","103.225","102.515","17.21K","-0.44%"
"11/29/2023","102.676","102.495","102.930","102.380","16.04K","0.03%"
"11/30/2023","103.428","102.660","103.520","102.650","18.87K","0.73%"
"12/01/2023","103.200","103.290","103.665","103.050","16.31K","-0.22%"
"12/04/2023","103.647","103.115","103.800","102.980","15.89K","0.43%"
"12/05/2023","103.995","103.525","104.040","103.495","15.73K","0.34%"
"12/06/2023","104.108","103.895","104.190","103.825","10.10K","0.11%"
"12/07/2023","103.504","104.110","104.170","103.215","19.23K","-0.58%"
"12/08/2023","103.983","103.500","104.265","103.410","17.52K","0.46%"
"12/11/2023","104.064","103.965","104.235","103.905","12.76K","0.08%"
"12/12/2023","103.839","104.005","104.075","103.445","12.44K","-0.22%"
"12/13/2023","102.848","103.790","104.010","102.740","26.93K","-0.95%"
"12/14/2023","101.940","102.740","102.790","101.765","19.30K","-0.88%"
"12/15/2023","102.548","102.035","102.645","101.850","7.59K","0.60%"
"12/18/2023","102.536","102.550","102.550","102.550","0.01K","-0.01%"
"12/19/2023","101.796","102.105","102.260","101.680","11.34K","-0.72%"
"12/20/2023","102.040","101.815","102.170","101.785","9.51K","0.24%"
"12/21/2023","101.478","101.990","102.095","101.375","10.66K","-0.55%"
"12/22/2023","101.338","101.425","101.540","101.075","8.93K","-0.14%"
"12/26/2023","101.104","101.310","101.410","101.095","5.10K","-0.23%"
"12/27/2023","100.654","101.185","101.215","100.495","9.39K","-0.45%"
"12/28/2023","100.913","100.565","100.985","100.320","12.28K","0.26%"
"12/29/2023","101.029","100.865","101.115","100.750","12.08K","0.11%"
"01/02/2024","101.891","101.065","101.940","101.030","14.74K","0.85%"
"01/03/2024","102.195","101.845","102.420","101.770","11.86K","0.30%"
"01/04/2024","102.135","102.165","102.245","101.865","10.80K","-0.06%"
"01/05/2024","102.129","102.110","102.830","101.615","18.72K","-0.01%"
"01/08/2024","101.928","102.170","102.340","101.785","11.74K","-0.20%"
"01/09/2024","102.284","101.935","102.385","101.835","12.11K","0.35%"
"01/10/2024","102.080","102.230","102.360","102.060","9.35K","-0.20%"
"01/11/2024","102.024","102.040","102.510","101.775","18.69K","-0.05%"
"01/12/2024","102.151","102.035","102.320","101.815","15.34K","0.12%"
"01/15/2024","102.151","102.205","102.410","102.055","5.42K","0.00%"
"01/16/2024","103.112","102.560","103.175","102.495","21.05K","0.94%"
"01/17/2024","103.206","103.070","103.450","103.025","14.75K","0.09%"
"01/18/2024","103.312","103.065","103.405","102.925","12.41K","0.10%"
"01/19/2024","103.069","103.140","103.325","103.010","9.61K","-0.24%"
"01/22/2024","103.118","103.035","103.160","102.900","8.96K","0.05%"
"01/23/2024","103.402","103.140","103.605","102.780","13.81K","0.28%"
"01/24/2024","103.039","103.305","103.340","102.555","20.41K","-0.35%"
"01/25/2024","103.370","103.140","103.485","102.915","15.26K","0.32%"
"01/26/2024","103.234","103.345","103.535","102.935","14.22K","-0.13%"
"01/29/2024","103.421","103.305","103.640","103.215","12.27K","0.18%"
"01/30/2024","103.215","103.180","103.435","102.970","9.41K","-0.20%"
"01/31/2024","103.089","103.250","103.565","102.755","25.38K","-0.12%"
"02/01/2024","102.872","103.380","103.655","102.840","23.80K","-0.21%"
"02/02/2024","103.781","102.895","103.895","102.735","31.48K","0.88%"
"02/05/2024","104.319","103.910","104.465","103.840","20.76K","0.52%"
"02/06/2024","104.068","104.295","104.450","103.995","15.24K","-0.24%"
"02/07/2024","103.917","103.995","104.025","103.805","11.26K","-0.15%"
"02/08/2024","104.037","103.885","104.300","103.835","11.24K","0.12%"
"02/09/2024","103.993","104.045","104.135","103.830","9.46K","-0.04%"
"02/12/2024","104.047","103.975","104.150","103.765","9.48K","0.05%"
"02/13/2024","104.850","104.020","104.855","103.365","22.57K","0.77%"
"02/14/2024","104.612","104.750","104.875","104.545","12.32K","-0.23%"
"02/15/2024","104.200","104.555","104.625","104.080","14.85K","-0.39%"
"02/16/2024","104.182","104.240","104.580","104.065","13.55K","-0.02%"
"02/19/2024","104.182","104.170","104.275","104.040","4.98K","0.00%"
"02/20/2024","103.978","104.250","104.320","103.690","15.48K","-0.20%"
"02/21/2024","103.912","103.950","104.125","103.845","8.82K","-0.06%"
"02/22/2024","103.875","103.850","104.060","103.115","15.40K","-0.04%"
"02/23/2024","103.859","103.885","103.975","103.690","8.63K","-0.02%"
"02/26/2024","103.751","103.890","103.950","103.630","9.87K","-0.10%"
"02/27/2024","103.759","103.715","103.860","103.540","9.01K","0.01%"
"02/28/2024","103.904","103.750","104.170","103.750","12.25K","0.14%"
"02/29/2024","104.098","103.890","104.145","103.595","18.00K","0.19%"
"03/01/2024","103.799","104.060","104.240","103.780","16.88K","-0.29%"
"03/04/2024","103.778","103.795","103.915","103.675","11.54K","-0.02%"
"03/05/2024","103.753","103.780","103.900","103.520","13.60K","-0.02%"
"03/06/2024","103.321","103.785","103.845","103.150","20.16K","-0.42%"
"03/07/2024","102.772","103.255","103.325","102.760","19.52K","-0.53%"
"03/08/2024","102.688","102.735","102.865","102.300","20.51K","-0.08%"
"03/11/2024","102.852","102.710","102.915","102.610","19.04K","0.16%"
"03/12/2024","102.934","102.770","103.315","102.700","15.46K","0.08%"
"03/13/2024","102.766","102.920","103.000","102.645","18.10K","-0.16%"
"03/14/2024","103.342","102.745","103.385","102.725","18.03K","0.56%"
"03/15/2024","103.414","103.370","103.480","103.300","4.70K","0.07%"
"03/18/2024","103.461","103.455","103.475","103.375","0.01K","0.05%"
"03/19/2024","103.484","103.220","103.710","103.210","12.88K","0.02%"
"03/20/2024","103.046","103.530","103.810","103.030","21.29K","-0.42%"
"03/21/2024","103.666","102.920","103.740","102.830","21.30K","0.60%"
"03/22/2024","104.177","103.665","104.200","103.605","19.17K","0.49%"
"03/25/2024","103.934","104.165","104.190","103.840","15.04K","-0.23%"
"03/26/2024","103.991","103.925","104.030","103.710","8.55K","0.05%"
"03/27/2024","104.064","104.005","104.165","103.920","11.29K","0.07%"
"03/28/2024","104.269","104.135","104.450","104.030","13.70K","0.20%"
"04/01/2024","104.764","104.250","104.805","104.135","15.08K","0.47%"
"04/02/2024","104.562","104.735","104.840","104.420","14.86K","-0.19%"
"04/03/2024","103.997","104.530","104.590","103.970","13.46K","-0.54%"
"04/04/2024","103.891","103.980","104.030","103.680","15.52K","-0.10%"
"04/05/2024","104.071","104.005","104.460","103.910","18.00K","0.17%"
"04/08/2024","103.902","104.060","104.210","103.860","14.70K","-0.16%"
"04/09/2024","103.922","103.870","103.975","103.645","9.44K","0.02%"
"04/10/2024","105.031","103.890","105.085","103.795","22.29K","1.07%"
"04/11/2024","105.064","105.010","105.310","104.820","18.47K","0.03%"
"04/12/2024","105.832","105.070","105.900","105.025","15.71K","0.73%"
"04/15/2024","105.998","105.830","106.045","105.640","12.78K","0.16%"
"04/16/2024","106.065","105.990","106.325","105.870","16.57K","0.06%"
"04/17/2024","105.764","106.160","106.255","105.685","15.88K","-0.28%"
"04/18/2024","105.982","105.790","106.010","105.570","13.62K","0.21%"
"04/19/2024","105.984","106.000","106.185","105.670","16.55K","0.00%"
"04/22/2024","105.913","105.885","106.235","105.825","13.35K","-0.07%"
"04/23/2024","105.505","105.960","106.075","105.445","17.74K","-0.39%"
"04/24/2024","105.700","105.520","105.790","105.425","8.18K","0.18%"
"04/25/2024","105.451","105.675","105.870","105.330","14.87K","-0.24%"
"04/26/2024","105.804","105.455","106.060","105.270","19.70K","0.33%"
"04/29/2024","105.448","105.880","106.005","105.330","26.82K","-0.34%"
"04/30/2024","106.100","105.560","106.215","105.540","17.35K","0.62%"
"05/01/2024","105.628","106.210","106.380","105.315","30.65K","-0.44%"
"05/02/2024","105.178","105.590","105.785","105.170","18.59K","-0.43%"
"05/03/2024","104.918","105.175","105.245","104.410","26.27K","-0.25%"
"05/06/2024","104.919","104.890","105.075","104.745","8.71K","0.00%"
"05/07/2024","105.300","105.015","105.330","104.920","9.95K","0.36%"
"05/08/2024","105.426","105.300","105.535","105.280","8.46K","0.12%"
"05/09/2024","105.104","105.410","105.640","105.065","12.64K","-0.31%"
"05/10/2024","105.175","105.085","105.280","105.010","12.69K","0.07%"
"05/13/2024","105.103","105.170","105.240","104.925","6.97K","-0.07%"
"05/14/2024","104.892","105.070","105.380","104.835","9.57K","-0.20%"
"05/15/2024","104.212","104.935","104.940","104.155","20.95K","-0.65%"
"05/16/2024","104.345","104.105","104.500","103.965","15.31K","0.13%"
"05/17/2024","104.330","104.390","104.685","104.280","11.71K","-0.01%"
"05/20/2024","104.460","104.370","104.540","104.290","8.81K","0.12%"
"05/21/2024","104.556","104.490","104.670","104.365","12.27K","0.09%"
"05/22/2024","104.836","104.535","104.880","104.450","13.22K","0.27%"
"05/23/2024","105.036","104.840","105.040","104.475","15.07K","0.19%"
"05/24/2024","104.638","104.990","105.050","104.550","10.42K","-0.38%"
"05/27/2024","104.638","104.645","104.670","104.485","3.09K","0.00%"
"05/28/2024","104.539","104.490","104.560","104.260","11.02K","-0.09%"
"05/29/2024","105.034","104.590","105.085","104.515","17.66K","0.47%"
"05/30/2024","104.658","105.095","105.135","104.575","17.83K","-0.36%"
"05/31/2024","104.627","104.730","104.850","104.310","13.90K","-0.03%"
"06/03/2024","104.078","104.565","104.720","103.990","20.75K","-0.52%"
"06/04/2024","104.051","104.005","104.285","103.935","16.44K","-0.03%"
"06/05/2024","104.221","104.110","104.405","104.075","13.91K","0.16%"
"06/06/2024","104.057","104.230","104.330","104.015","15.73K","-0.16%"
"06/07/2024","104.855","104.085","104.915","103.480","24.32K","0.77%"
"06/10/2024","105.112","105.015","105.355","105.005","21.09K","0.25%"
"06/11/2024","105.199","105.125","105.435","105.065","13.29K","0.08%"
"06/12/2024","104.615","105.255","105.300","104.235","34.72K","-0.56%"
"06/13/2024","105.187","104.685","105.280","104.630","35.09K","0.55%"
"06/14/2024","105.545","105.250","105.805","105.185","14.16K","0.34%"
"06/17/2024","105.564","105.535","105.625","105.530","0.24K","0.02%"
"06/18/2024","104.876","104.900","105.180","104.735","13.07K","-0.65%"
"06/19/2024","104.876","104.890","104.955","104.785","3.22K","0.00%"
"06/20/2024","105.227","104.865","105.315","104.865","12.50K","0.33%"
"06/21/2024","105.443","105.295","105.560","105.180","9.48K","0.21%"
"06/24/2024","105.121","105.495","105.555","105.015","9.01K","-0.31%"
"06/25/2024","105.259","105.175","105.430","105.030","8.35K","0.13%"
"06/26/2024","105.714","105.335","105.790","105.265","10.62K","0.43%"
"06/27/2024","105.571","105.740","105.760","105.375","9.85K","-0.14%"
"06/28/2024","105.545","105.565","105.800","105.415","11.99K","-0.02%"
"07/01/2024","105.587","105.395","105.655","105.105","18.38K","0.04%"
"07/02/2024","105.407","105.535","105.740","105.360","11.59K","-0.17%"
"07/03/2024","105.077","105.360","105.485","104.715","14.50K","-0.31%"
"07/04/2024","105.077","105.005","105.040","104.785","3.14K","0.00%"
"07/05/2024","104.548","104.850","104.855","104.500","12.49K","-0.50%"
"07/08/2024","104.668","104.655","104.705","104.475","10.46K","0.11%"
"07/09/2024","104.807","104.665","104.890","104.625","9.86K","0.13%"
"07/10/2024","104.729","104.795","104.855","104.680","8.01K","-0.07%"
"07/11/2024","104.131","104.685","104.700","103.775","36.15K","-0.57%"
"07/12/2024","103.783","104.040","104.265","103.725","15.94K","-0.33%"
"07/15/2024","103.882","103.870","104.005","103.690","21.26K","0.10%"
"07/16/2024","103.959","103.955","104.200","103.890","13.12K","0.07%"
"07/17/2024","103.443","103.900","103.985","103.340","22.16K","-0.50%"
"07/18/2024","103.885","103.380","103.935","103.375","14.86K","0.43%"
"07/19/2024","104.112","103.880","104.135","103.855","8.81K","0.22%"
"07/22/2024","104.037","104.025","104.145","103.890","7.41K","-0.07%"
"07/23/2024","104.175","104.045","104.260","103.930","8.51K","0.13%"
"07/24/2024","104.122","104.220","104.285","103.845","14.87K","-0.05%"
"07/25/2024","104.108","104.120","104.210","103.830","14.73K","-0.01%"
"07/26/2024","104.059","104.100","104.205","103.950","9.46K","-0.05%"
"07/29/2024","104.314","104.065","104.515","103.885","14.02K","0.25%"
"07/30/2024","104.319","104.350","104.560","104.230","13.84K","0.00%"
"07/31/2024","103.859","104.230","104.305","103.620","22.37K","-0.44%"
"08/01/2024","104.205","103.845","104.235","103.630","17.98K","0.33%"
"08/02/2024","102.988","104.150","104.220","102.910","34.68K","-1.17%"
"08/05/2024","102.483","102.990","103.065","101.965","59.11K","-0.49%"
"08/06/2024","102.758","102.655","103.015","102.495","22.56K","0.27%"
"08/07/2024","102.998","102.770","103.160","102.705","15.34K","0.23%"
"08/08/2024","103.022","102.920","103.355","102.735","14.50K","0.02%"
"08/09/2024","102.957","103.085","103.110","102.845","8.90K","-0.06%"
"08/12/2024","102.961","102.930","103.130","102.910","7.16K","0.00%"
"08/13/2024","102.380","102.915","103.100","102.360","12.00K","-0.56%"
"08/14/2024","102.385","102.425","102.535","102.100","13.04K","0.00%"
"08/15/2024","102.808","102.435","103.070","102.375","12.27K","0.41%"
"08/16/2024","102.307","102.875","102.895","102.230","9.38K","-0.49%"
"08/19/2024","101.731","102.210","102.330","101.700","12.23K","-0.56%"
"08/20/2024","101.299","101.715","101.860","101.225","13.49K","-0.42%"
"08/21/2024","100.910","101.260","101.555","100.780","16.39K","-0.38%"
"08/22/2024","101.399","101.015","101.505","100.935","15.29K","0.48%"
"08/23/2024","100.606","101.365","101.475","100.485","24.72K","-0.78%"
"08/26/2024","100.741","100.585","100.815","100.425","11.83K","0.13%"
"08/27/2024","100.455","100.765","100.825","100.400","15.22K","-0.28%"
"08/28/2024","100.990","100.505","101.075","100.505","13.68K","0.53%"
"08/29/2024","101.270","100.960","101.510","100.810","14.75K","0.28%"
"08/30/2024","101.624","101.260","101.715","101.165","14.85K","0.35%"
"09/02/2024","101.624","101.650","101.725","101.505","4.90K","0.00%"
"09/03/2024","101.766","101.615","101.855","101.460","16.67K","0.14%"
"09/04/2024","101.301","101.645","101.725","101.180","14.22K","-0.46%"
"09/05/2024","101.074","101.235","101.335","100.915","15.79K","-0.22%"
"09/06/2024","101.143","101.010","101.365","100.525","35.05K","0.07%"
"09/09/2024","101.518","101.145","101.665","101.105","25.49K","0.37%"
"09/10/2024","101.598","101.630","101.740","101.515","10.70K","0.08%"
"09/11/2024","101.658","101.630","101.805","101.240","27.57K","0.06%"
"09/12/2024","101.351","101.760","101.830","101.225","23.24K","-0.30%"
"09/13/2024","101.120","101.180","101.185","100.885","7.85K","-0.23%"
"09/16/2024","100.711","101.035","101.035","100.635","0.27K","-0.40%"
"09/17/2024","100.567","100.380","100.690","100.240","17.18K","-0.14%"
"09/18/2024","100.282","100.595","100.835","99.885","43.47K","-0.28%"
"09/19/2024","100.321","100.710","101.180","100.220","34.73K","0.04%"
"09/20/2024","100.423","100.390","100.735","100.125","24.45K","0.10%"
"09/23/2024","100.560","100.460","100.940","100.435","23.44K","0.14%"
"09/24/2024","100.159","100.650","100.770","100.035","25.82K","-0.40%"
"09/25/2024","100.624","99.970","100.705","99.915","18.31K","0.46%"
"09/26/2024","100.246","100.660","100.680","100.180","21.45K","-0.38%"
"09/27/2024","100.109","100.325","100.610","99.865","23.87K","-0.14%"
"09/30/2024","100.521","100.220","100.665","99.900","21.48K","0.41%"
"10/01/2024","100.931","100.485","101.135","100.435","23.21K","0.41%"
"10/02/2024","101.425","101.005","101.440","100.890","23.49K","0.49%"
"10/03/2024","101.750","101.405","101.890","101.405","29.92K","0.32%"
"10/04/2024","102.275","101.685","102.450","101.580","33.66K","0.52%"